Year,State,County,HAI,Facility_ID,Facility_Name,Facility_Type,Infections_Reported,Patient_Days,Rate,Rate_CI_95_Lower_Limit,Rate_CI_95_Upper_Limit,Comparison,Months,Rate_2015,Notes
2021,California,,Vancomycin-Resistant Enterococcus Bloodstream Infection (VRE BSI),,,STATE OF CALIFORNIA POOLED DATA - Acute Care Hospitals,511,15251367,0.34,0.31,0.37,,,,
2021,California,,Vancomycin-Resistant Enterococcus Bloodstream Infection (VRE BSI),,,STATE OF CALIFORNIA POOLED DATA - Community Hospitals,179,6692382,0.27,0.23,0.31,,,,
2021,California,,Vancomycin-Resistant Enterococcus Bloodstream Infection (VRE BSI),,,"STATE OF CALIFORNIA POOLED DATA - Community, <125 Beds",26,1146543,0.23,0.15,0.33,,,,
2021,California,,Vancomycin-Resistant Enterococcus Bloodstream Infection (VRE BSI),,,"STATE OF CALIFORNIA POOLED DATA - Community, 125-250 Beds",76,2276494,0.33,0.26,0.42,,,,
2021,California,,Vancomycin-Resistant Enterococcus Bloodstream Infection (VRE BSI),,,"STATE OF CALIFORNIA POOLED DATA - Community, >250 Beds",77,3269345,0.24,0.19,0.29,,,,
2021,California,,Vancomycin-Resistant Enterococcus Bloodstream Infection (VRE BSI),,,STATE OF CALIFORNIA POOLED DATA - Major Teaching Acute Care Hospitals,328,8016933,0.41,0.37,0.46,,,,
2021,California,,Vancomycin-Resistant Enterococcus Bloodstream Infection (VRE BSI),,,STATE OF CALIFORNIA POOLED DATA - Pediatric Acute Care Hospitals,4,542052,0.07,0.02,0.19,,,,
2021,California,,Vancomycin-Resistant Enterococcus Bloodstream Infection (VRE BSI),,,STATE OF CALIFORNIA POOLED DATA - Long-Term Acute Care Hospitals,65,427735,1.52,1.17,1.94,,,,
2021,California,,Vancomycin-Resistant Enterococcus Bloodstream Infection (VRE BSI),,,STATE OF CALIFORNIA POOLED DATA - Critical Access Hospitals,1,113036,0.09,0,0.49,,,,
2021,California,,Vancomycin-Resistant Enterococcus Bloodstream Infection (VRE BSI),,,STATE OF CALIFORNIA POOLED DATA - Rehabilitation Hospitals or Units,1,501268,0.02,0,0.11,,,,
2021,California,,Vancomycin-Resistant Enterococcus Bloodstream Infection (VRE BSI),,,STATE OF CALIFORNIA POOLED DATA - Free-Standing Rehabilitation,0,173517,0,0,0.17,,,,
2021,California,,Vancomycin-Resistant Enterococcus Bloodstream Infection (VRE BSI),,,STATE OF CALIFORNIA POOLED DATA - Rehabilitation Unit,1,327751,0.03,0,0.17,,,,
2021,California,Alameda,Vancomycin-Resistant Enterococcus Bloodstream Infection (VRE BSI),140000011,Alameda Hospital,"Community, <125 Beds",0,11727,0,0,2.55,Same,12,0,
2021,California,Alameda,Vancomycin-Resistant Enterococcus Bloodstream Infection (VRE BSI),140000425,Alta Bates Summit Medical Center,Major Teaching,4,49882,0.8,0.22,2.05,Same,12,0,
2021,California,Alameda,Vancomycin-Resistant Enterococcus Bloodstream Infection (VRE BSI),140000012,"Alta Bates Summit Medical Center, Alta Bates Campus",Major Teaching,0,61573,0,0,0.49,Same,12,0,
2021,California,Alameda,Vancomycin-Resistant Enterococcus Bloodstream Infection (VRE BSI),140000425,"Alta Bates Summit Medical Center, Rehabilitation Unit",Rehabilitation Unit,0,13143,0,0,2.28,Same,12,,
2021,California,Alameda,Vancomycin-Resistant Enterococcus Bloodstream Infection (VRE BSI),140000183,Eden Medical Center,"Community, 125-250 Beds",0,39926,0,0,0.75,Same,12,0,
2021,California,Alameda,Vancomycin-Resistant Enterococcus Bloodstream Infection (VRE BSI),140000034,Highland Hospital,Major Teaching,2,44759,0.45,0.05,1.61,Same,12,0.41,
2021,California,Alameda,Vancomycin-Resistant Enterococcus Bloodstream Infection (VRE BSI),140001086,"Kaiser Foundation Hospital, Fremont","Community, <125 Beds",0,26717,0,0,1.12,Same,12,0,
2021,California,Alameda,Vancomycin-Resistant Enterococcus Bloodstream Infection (VRE BSI),140000188,"Kaiser Foundation Hospital, Oakland/Richmond",Major Teaching,0,87124,0,0,0.34,Same,12,0.11,
2021,California,Alameda,Vancomycin-Resistant Enterococcus Bloodstream Infection (VRE BSI),630015029,"Kaiser Foundation Hospital, San Leandro","Community, 125-250 Beds",0,58660,0,0,0.51,Same,12,0,
2021,California,Alameda,Vancomycin-Resistant Enterococcus Bloodstream Infection (VRE BSI),140000148,"Kindred Hospital, San Francisco Bay Area",Long-Term Acute Care,2,28296,0.71,0.09,2.55,Same,12,2,
2021,California,Alameda,Vancomycin-Resistant Enterococcus Bloodstream Infection (VRE BSI),630013913,San Leandro Hospital,"Community, <125 Beds",0,10758,0,0,2.78,Same,12,0,
2021,California,Alameda,Vancomycin-Resistant Enterococcus Bloodstream Infection (VRE BSI),630013913,San Leandro Hospital,Rehabilitation Unit,,,,,,,,,
2021,California,Alameda,Vancomycin-Resistant Enterococcus Bloodstream Infection (VRE BSI),140000041,St Rose Hospital,"Community, 125-250 Beds",2,18065,1.11,0.13,4,Same,12,0.34,
2021,California,Alameda,Vancomycin-Resistant Enterococcus Bloodstream Infection (VRE BSI),140000797,Stanford Health Care - ValleyCare,Major Teaching,0,34586,0,0,0.87,Same,12,0.26,
2021,California,Alameda,Vancomycin-Resistant Enterococcus Bloodstream Infection (VRE BSI),140000014,UCSF Benioff Children's Hospital Oakland,Pediatric,0,37763,0,0,0.79,Same,12,0,
2021,California,Alameda,Vancomycin-Resistant Enterococcus Bloodstream Infection (VRE BSI),140000118,Washington Hospital,"Community, >250 Beds",0,57770,0,0,0.52,Same,12,0,
2021,California,Amador,Vancomycin-Resistant Enterococcus Bloodstream Infection (VRE BSI),30000108,Sutter Amador Hospital,"Community, <125 Beds",0,10274,0,0,2.92,Same,12,0,
2021,California,Butte,Vancomycin-Resistant Enterococcus Bloodstream Infection (VRE BSI),230000013,"Enloe Medical Center, Esplanade","Community, >250 Beds",0,85833,0,0,0.35,Better,12,0,
2021,California,Butte,Vancomycin-Resistant Enterococcus Bloodstream Infection (VRE BSI),230000405,Enloe Rehabilitation Center,Free-Standing Rehabilitation,0,6172,0,0,4.85,Same,12,0,
2021,California,Butte,Vancomycin-Resistant Enterococcus Bloodstream Infection (VRE BSI),230000001,Orchard Hospital,Critical Access,0,1167,0,0,25.67,Same,12,0,
2021,California,Butte,Vancomycin-Resistant Enterococcus Bloodstream Infection (VRE BSI),230000014,Oroville Hospital,"Community, 125-250 Beds",0,23939,0,0,1.25,Same,6,0.7,"Incomplete Reporter, interpret with caution"
2021,California,Calaveras,Vancomycin-Resistant Enterococcus Bloodstream Infection (VRE BSI),30000120,Mark Twain Medical Center,Critical Access,0,3303,0,0,9.07,Same,12,0,
2021,California,Colusa,Vancomycin-Resistant Enterococcus Bloodstream Infection (VRE BSI),230000259,Colusa Medical Center,"Community, <125 Beds",0,4748,0,0,6.31,Same,12,,
2021,California,Contra Costa,Vancomycin-Resistant Enterococcus Bloodstream Infection (VRE BSI),140000195,Contra Costa Regional Medical Center,Major Teaching,0,30492,0,0,0.98,Same,12,0,
2021,California,Contra Costa,Vancomycin-Resistant Enterococcus Bloodstream Infection (VRE BSI),140000196,"John Muir Medical Center, Concord Campus",Major Teaching,2,57264,0.35,0.04,1.26,Same,12,0.21,
2021,California,Contra Costa,Vancomycin-Resistant Enterococcus Bloodstream Infection (VRE BSI),140000187,"John Muir Medical Center, Walnut Creek Campus",Major Teaching,3,95470,0.31,0.06,0.92,Same,12,0.8,
2021,California,Contra Costa,Vancomycin-Resistant Enterococcus Bloodstream Infection (VRE BSI),140000187,"John Muir Medical Center, Walnut Creek Campus, Rehabilitation Unit",Rehabilitation Unit,0,6776,0,0,4.42,Same,12,0,
2021,California,Contra Costa,Vancomycin-Resistant Enterococcus Bloodstream Infection (VRE BSI),630011203,"Kaiser Foundation Hospital, Antioch",Major Teaching,0,37984,0,0,0.79,Same,12,0,
2021,California,Contra Costa,Vancomycin-Resistant Enterococcus Bloodstream Infection (VRE BSI),140000191,"Kaiser Foundation Hospital, Richmond Campus",Major Teaching,0,15418,0,0,1.94,Same,12,,
2021,California,Contra Costa,Vancomycin-Resistant Enterococcus Bloodstream Infection (VRE BSI),140000190,"Kaiser Foundation Hospital, Walnut Creek","Community, >250 Beds",2,67562,0.3,0.04,1.07,Same,12,0.16,
2021,California,Contra Costa,Vancomycin-Resistant Enterococcus Bloodstream Infection (VRE BSI),140000704,San Ramon Regional Medical Center,"Community, <125 Beds",0,16293,0,0,1.84,Same,12,1.03,
2021,California,Contra Costa,Vancomycin-Resistant Enterococcus Bloodstream Infection (VRE BSI),140000016,Sutter Delta Medical Center,"Community, 125-250 Beds",0,28146,0,0,1.06,Same,12,0,
2021,California,Del Norte,Vancomycin-Resistant Enterococcus Bloodstream Infection (VRE BSI),110000049,Sutter Coast Hospital,"Community, <125 Beds",0,7426,0,0,4.03,Same,12,0,
2021,California,Del Norte,Vancomycin-Resistant Enterococcus Bloodstream Infection (VRE BSI),110000049,Sutter Coast Hospital,Rehabilitation Unit,,,,,,,,,
2021,California,El Dorado,Vancomycin-Resistant Enterococcus Bloodstream Infection (VRE BSI),30000114,Barton Memorial Hospital,"Community, <125 Beds",0,6937,0,0,4.32,Same,12,0,
2021,California,El Dorado,Vancomycin-Resistant Enterococcus Bloodstream Infection (VRE BSI),30000121,Marshall Medical Center,"Community, <125 Beds",0,19562,0,0,1.53,Same,12,0,
2021,California,Fresno,Vancomycin-Resistant Enterococcus Bloodstream Infection (VRE BSI),40000124,Adventist Health Reedley,"Community, <125 Beds",0,9323,0,0,3.21,Same,12,0,
2021,California,Fresno,Vancomycin-Resistant Enterococcus Bloodstream Infection (VRE BSI),40000122,Adventist Health Selma,"Community, <125 Beds",0,8084,0,0,3.71,Same,12,0,
2021,California,Fresno,Vancomycin-Resistant Enterococcus Bloodstream Infection (VRE BSI),40000095,Clovis Community Medical Center,Major Teaching,0,74978,0,0,0.4,Same,12,0.46,
2021,California,Fresno,Vancomycin-Resistant Enterococcus Bloodstream Infection (VRE BSI),40000096,Coalinga Regional Medical Center,"Community, <125 Beds",0,1519,0,0,19.72,Same,12,0,
2021,California,Fresno,Vancomycin-Resistant Enterococcus Bloodstream Infection (VRE BSI),40000101,Community Regional Medical Center,Major Teaching,2,209527,0.1,0.01,0.34,Same,12,0.9,
2021,California,Fresno,Vancomycin-Resistant Enterococcus Bloodstream Infection (VRE BSI),40000101,"Community Regional Medical Center, Rehabilitation Unit",Rehabilitation Unit,0,10096,0,0,2.97,Same,12,0,
2021,California,Fresno,Vancomycin-Resistant Enterococcus Bloodstream Infection (VRE BSI),40001397,Fresno Heart and Surgical Hospital,Major Teaching,0,15012,0,0,2,Same,12,0,
2021,California,Fresno,Vancomycin-Resistant Enterococcus Bloodstream Infection (VRE BSI),40000254,Fresno Surgical Hospital,"Community, <125 Beds",0,3486,0,0,8.59,Same,12,0,
2021,California,Fresno,Vancomycin-Resistant Enterococcus Bloodstream Infection (VRE BSI),40000949,"Kaiser Foundation Hospital, Fresno","Community, 125-250 Beds",0,43847,0,0,0.68,Same,12,0.33,
2021,California,Fresno,Vancomycin-Resistant Enterococcus Bloodstream Infection (VRE BSI),40000126,Saint Agnes Medical Center,Major Teaching,12,105043,1.14,0.59,2,Worse,12,0.11,
2021,California,Fresno,Vancomycin-Resistant Enterococcus Bloodstream Infection (VRE BSI),40000613,San Joaquin Valley Rehabilitation Hospital,Free-Standing Rehabilitation,0,17500,0,0,1.71,Same,12,0,
2021,California,Glenn,Vancomycin-Resistant Enterococcus Bloodstream Infection (VRE BSI),230000006,Glenn Medical Center,Critical Access,0,8813,0,0,3.4,Same,12,0,
2021,California,Humboldt,Vancomycin-Resistant Enterococcus Bloodstream Infection (VRE BSI),110000057,Jerold Phelps Community Hospital,Critical Access,0,989,0,0,30.29,Same,12,0,
2021,California,Humboldt,Vancomycin-Resistant Enterococcus Bloodstream Infection (VRE BSI),110000021,Mad River Community Hospital,"Community, <125 Beds",0,6626,0,0,4.52,Same,12,0,
2021,California,Humboldt,Vancomycin-Resistant Enterococcus Bloodstream Infection (VRE BSI),110000045,Providence Redwood Memorial Hospital,Critical Access,1,4952,2.02,0.05,11.25,Same,12,0,
2021,California,Humboldt,Vancomycin-Resistant Enterococcus Bloodstream Infection (VRE BSI),110000067,"Providence St. Joseph Hospital, Eureka",Major Teaching,0,37059,0,0,0.81,Same,12,1.01,
2021,California,Humboldt,Vancomycin-Resistant Enterococcus Bloodstream Infection (VRE BSI),110000069,The General Hospital,Free-Standing Rehabilitation,0,3018,0,0,9.93,Same,12,0,
2021,California,Imperial,Vancomycin-Resistant Enterococcus Bloodstream Infection (VRE BSI),90000040,El Centro Regional Medical Center,"Community, 125-250 Beds",0,29663,0,0,1.01,Same,12,0.41,
2021,California,Imperial,Vancomycin-Resistant Enterococcus Bloodstream Infection (VRE BSI),90000146,Pioneers Memorial Healthcare District,"Community, <125 Beds",0,21034,0,0,1.42,Same,12,0.5,
2021,California,Inyo,Vancomycin-Resistant Enterococcus Bloodstream Infection (VRE BSI),240000037,Northern Inyo Hospital,Critical Access,0,3374,0,0,8.88,Same,12,0,
2021,California,Inyo,Vancomycin-Resistant Enterococcus Bloodstream Infection (VRE BSI),240000102,Southern Inyo Hospital,Critical Access,,,,,,,,,"Incomplete Reporter, interpret with caution"
2021,California,Kern,Vancomycin-Resistant Enterococcus Bloodstream Infection (VRE BSI),120000411,Adventist Health Bakersfield,Major Teaching,0,74787,0,0,0.4,Same,12,0.26,
2021,California,Kern,Vancomycin-Resistant Enterococcus Bloodstream Infection (VRE BSI),120000336,Adventist Health Delano,"Community, <125 Beds",0,9762,0,0,3.07,Same,12,0,
2021,California,Kern,Vancomycin-Resistant Enterococcus Bloodstream Infection (VRE BSI),120000413,Adventist Health Tehachapi Valley,Critical Access,0,6257,0,0,4.79,Same,12,0,
2021,California,Kern,Vancomycin-Resistant Enterococcus Bloodstream Infection (VRE BSI),120001330,Bakersfield Heart Hospital,"Community, <125 Beds",2,13769,1.45,0.18,5.25,Same,12,0,
2021,California,Kern,Vancomycin-Resistant Enterococcus Bloodstream Infection (VRE BSI),120000338,Bakersfield Memorial Hospital,"Community, >250 Beds",2,80087,0.25,0.03,0.9,Same,12,0.59,
2021,California,Kern,Vancomycin-Resistant Enterococcus Bloodstream Infection (VRE BSI),120000555,Encompass Health Rehabilitation Hospital of Bakersfield,Free-Standing Rehabilitation,0,21963,0,0,1.36,Same,12,0,
2021,California,Kern,Vancomycin-Resistant Enterococcus Bloodstream Infection (VRE BSI),120000319,"Good Samaritan Hospital, Bakersfield","Community, <125 Beds",0,6349,0,0,4.72,Same,12,0,
2021,California,Kern,Vancomycin-Resistant Enterococcus Bloodstream Infection (VRE BSI),120000342,Kern Medical Center,Major Teaching,2,59014,0.34,0.04,1.22,Same,12,0,
2021,California,Kern,Vancomycin-Resistant Enterococcus Bloodstream Infection (VRE BSI),120000344,Kern Valley Healthcare District,Critical Access,0,2225,0,0,13.46,Same,12,0,
2021,California,Kern,Vancomycin-Resistant Enterococcus Bloodstream Infection (VRE BSI),120000404,Mercy Hospital,"Community, <125 Beds",0,25282,0,0,1.18,Same,12,0.42,
2021,California,Kern,Vancomycin-Resistant Enterococcus Bloodstream Infection (VRE BSI),120000701,Mercy Southwest Hospital,"Community, <125 Beds",0,27688,0,0,1.08,Same,12,0,
2021,California,Kern,Vancomycin-Resistant Enterococcus Bloodstream Infection (VRE BSI),120000409,Ridgecrest Regional Hospital,Critical Access,0,8586,0,0,3.49,Same,12,0,
2021,California,Kings,Vancomycin-Resistant Enterococcus Bloodstream Infection (VRE BSI),630012960,Adventist Health Hanford,"Community, 125-250 Beds",0,45859,0,0,0.65,Same,12,0,
2021,California,Lake,Vancomycin-Resistant Enterococcus Bloodstream Infection (VRE BSI),110000044,Adventist Health Clearlake,Critical Access,0,4923,0,0,6.09,Same,12,0,
2021,California,Lake,Vancomycin-Resistant Enterococcus Bloodstream Infection (VRE BSI),110000019,Sutter Lakeside Hospital,Critical Access,0,6823,0,0,4.39,Same,12,0,
2021,California,Lassen,Vancomycin-Resistant Enterococcus Bloodstream Infection (VRE BSI),230000008,Banner Lassen Medical Center,Critical Access,0,4052,0,0,7.39,Same,12,0,
2021,California,Los Angeles,Vancomycin-Resistant Enterococcus Bloodstream Infection (VRE BSI),930000059,Adventist Health Glendale,Major Teaching,11,92141,1.19,0.6,2.14,Worse,12,0.79,
2021,California,Los Angeles,Vancomycin-Resistant Enterococcus Bloodstream Infection (VRE BSI),930000059,"Adventist Health Glendale, Rehabilitation Unit",Rehabilitation Unit,0,6257,0,0,4.79,Same,12,0,
2021,California,Los Angeles,Vancomycin-Resistant Enterococcus Bloodstream Infection (VRE BSI),930000191,Adventist Health White Memorial,Major Teaching,1,75717,0.13,0,0.74,Same,12,0.22,
2021,California,Los Angeles,Vancomycin-Resistant Enterococcus Bloodstream Infection (VRE BSI),930000191,Adventist Health White Memorial,Rehabilitation Unit,,,,,,,,,
2021,California,Los Angeles,Vancomycin-Resistant Enterococcus Bloodstream Infection (VRE BSI),930000005,Alhambra Hospital Medical Center,"Community, 125-250 Beds",2,17882,1.12,0.14,4.04,Same,12,0,
2021,California,Los Angeles,Vancomycin-Resistant Enterococcus Bloodstream Infection (VRE BSI),930000005,"Alhambra Hospital Medical Center, Rehabilitation Unit",Rehabilitation Unit,0,2811,0,0,10.66,Same,12,0,
2021,California,Los Angeles,Vancomycin-Resistant Enterococcus Bloodstream Infection (VRE BSI),930000008,Antelope Valley Hospital,Major Teaching,6,92991,0.65,0.24,1.4,Same,12,0,
2021,California,Los Angeles,Vancomycin-Resistant Enterococcus Bloodstream Infection (VRE BSI),930000014,Barlow Respiratory Hospital,Long-Term Acute Care,0,25601,0,0,1.17,Same,12,0.41,
2021,California,Los Angeles,Vancomycin-Resistant Enterococcus Bloodstream Infection (VRE BSI),930000012,Beverly Hospital,"Community, 125-250 Beds",0,32456,0,0,0.92,Same,12,0.51,
2021,California,Los Angeles,Vancomycin-Resistant Enterococcus Bloodstream Infection (VRE BSI),930000002,"California Hospital Medical Center, Los Angeles",Major Teaching,3,73563,0.41,0.08,1.19,Same,12,0.12,
2021,California,Los Angeles,Vancomycin-Resistant Enterococcus Bloodstream Infection (VRE BSI),930000031,California Rehabilitation Institute,Free-Standing Rehabilitation,0,48779,0,0,0.61,Same,12,,
2021,California,Los Angeles,Vancomycin-Resistant Enterococcus Bloodstream Infection (VRE BSI),930000020,Casa Colina Hospital,"Community, <125 Beds",1,5026,1.99,0.05,11.09,Same,12,,
2021,California,Los Angeles,Vancomycin-Resistant Enterococcus Bloodstream Infection (VRE BSI),930000013,Catalina Island Medical Center,Critical Access,0,325,0,0,92.18,Same,12,0,
2021,California,Los Angeles,Vancomycin-Resistant Enterococcus Bloodstream Infection (VRE BSI),930000044,Cedars-Sinai Marina Del Rey Hospital,"Community, 125-250 Beds",4,21508,1.86,0.51,4.76,Worse,12,0,
2021,California,Los Angeles,Vancomycin-Resistant Enterococcus Bloodstream Infection (VRE BSI),930000004,Cedars-Sinai Medical Center,Major Teaching,22,287226,0.77,0.48,1.16,Worse,12,0.81,
2021,California,Los Angeles,Vancomycin-Resistant Enterococcus Bloodstream Infection (VRE BSI),930000022,Centinela Hospital Medical Center,"Community, 125-250 Beds",7,65635,1.07,0.43,2.2,Worse,12,0,
2021,California,Los Angeles,Vancomycin-Resistant Enterococcus Bloodstream Infection (VRE BSI),930000022,"Centinela Hospital Medical Center, Rehabilitation Unit",Rehabilitation Unit,0,3695,0,0,8.11,Same,12,0,
2021,California,Los Angeles,Vancomycin-Resistant Enterococcus Bloodstream Infection (VRE BSI),930000034,Children's Hospital Los Angeles,Pediatric,3,111483,0.27,0.06,0.79,Same,12,0,
2021,California,Los Angeles,Vancomycin-Resistant Enterococcus Bloodstream Infection (VRE BSI),930000036,City of Hope Helford Clinical Research Hospital,"Community, 125-250 Beds",18,73564,2.45,1.45,3.87,Worse,12,2.21,
2021,California,Los Angeles,Vancomycin-Resistant Enterococcus Bloodstream Infection (VRE BSI),930000038,Coast Plaza Hospital,"Community, <125 Beds",0,10771,0,0,2.78,Same,12,0,
2021,California,Los Angeles,Vancomycin-Resistant Enterococcus Bloodstream Infection (VRE BSI),930000114,College Medical Center,"Community, 125-250 Beds",0,25573,0,0,1.17,Same,12,0.25,
2021,California,Los Angeles,Vancomycin-Resistant Enterococcus Bloodstream Infection (VRE BSI),930000040,Community Hospital of Huntington Park,"Community, <125 Beds",2,14702,1.36,0.16,4.91,Same,12,0,
2021,California,Los Angeles,Vancomycin-Resistant Enterococcus Bloodstream Infection (VRE BSI),930000158,DOCS Surgical Hospital,"Community, <125 Beds",0,964,0,0,31.08,Same,12,0,
2021,California,Los Angeles,Vancomycin-Resistant Enterococcus Bloodstream Infection (VRE BSI),930000053,East Los Angeles Doctors Hospital,"Community, 125-250 Beds",0,10919,0,0,2.74,Same,12,0,
2021,California,Los Angeles,Vancomycin-Resistant Enterococcus Bloodstream Infection (VRE BSI),930000056,Emanate Health Foothill Presbyterian Hospital,Major Teaching,0,22377,0,0,1.34,Same,12,0,
2021,California,Los Angeles,Vancomycin-Resistant Enterococcus Bloodstream Infection (VRE BSI),930000070,Emanate Health Inter-Community Hospital,Major Teaching,1,34387,0.29,0.01,1.62,Same,12,0.13,
2021,California,Los Angeles,Vancomycin-Resistant Enterococcus Bloodstream Infection (VRE BSI),930000132,Emanate Health Queen of the Valley Hospital,Major Teaching,3,59022,0.51,0.1,1.49,Same,12,0.59,
2021,California,Los Angeles,Vancomycin-Resistant Enterococcus Bloodstream Infection (VRE BSI),930000132,"Emanate Health Queen of the Valley Hospital, Rehabilitation Unit",Rehabilitation Unit,0,3483,0,0,8.6,Same,12,0,
2021,California,Los Angeles,Vancomycin-Resistant Enterococcus Bloodstream Infection (VRE BSI),930000054,Encino Hospital Medical Center,"Community, 125-250 Beds",1,6747,1.48,0.04,8.26,Same,12,0,
2021,California,Los Angeles,Vancomycin-Resistant Enterococcus Bloodstream Infection (VRE BSI),930000054,Encino Hospital Medical Center,Rehabilitation Unit,,,,,,,,,
2021,California,Los Angeles,Vancomycin-Resistant Enterococcus Bloodstream Infection (VRE BSI),930000058,Garfield Medical Center,"Community, 125-250 Beds",3,42729,0.7,0.14,2.05,Same,12,0.52,
2021,California,Los Angeles,Vancomycin-Resistant Enterococcus Bloodstream Infection (VRE BSI),930000058,"Garfield Medical Center, Rehabilitation Unit",Rehabilitation Unit,0,4759,0,0,6.29,Same,12,0,
2021,California,Los Angeles,Vancomycin-Resistant Enterococcus Bloodstream Infection (VRE BSI),930000093,Glendale Memorial Hospital and Health Center,"Community, >250 Beds",1,31115,0.32,0.01,1.79,Same,12,0.2,
2021,California,Los Angeles,Vancomycin-Resistant Enterococcus Bloodstream Infection (VRE BSI),930000093,"Glendale Memorial Hospital and Health Center, Rehabilitation Unit",Rehabilitation Unit,0,5232,0,0,5.73,Same,12,,
2021,California,Los Angeles,Vancomycin-Resistant Enterococcus Bloodstream Infection (VRE BSI),930000068,"Good Samaritan Hospital, Los Angeles","Community, >250 Beds",3,70344,0.43,0.09,1.25,Same,12,0.92,
2021,California,Los Angeles,Vancomycin-Resistant Enterococcus Bloodstream Infection (VRE BSI),930000068,"Good Samaritan Hospital, Los Angeles",Rehabilitation Unit,,,,,,,,,
2021,California,Los Angeles,Vancomycin-Resistant Enterococcus Bloodstream Infection (VRE BSI),930000062,Greater El Monte Community Hospital,"Community, <125 Beds",0,8806,0,0,3.4,Same,9,0,"Incomplete Reporter, interpret with caution"
2021,California,Los Angeles,Vancomycin-Resistant Enterococcus Bloodstream Infection (VRE BSI),930000063,Henry Mayo Newhall Hospital,"Community, >250 Beds",1,55886,0.18,0,1,Same,12,0.38,
2021,California,Los Angeles,Vancomycin-Resistant Enterococcus Bloodstream Infection (VRE BSI),930000063,"Henry Mayo Newhall Hospital, Rehabilitation Unit",Rehabilitation Unit,0,3339,0,0,8.97,Same,12,0,
2021,California,Los Angeles,Vancomycin-Resistant Enterococcus Bloodstream Infection (VRE BSI),930000065,Hollywood Presbyterian Medical Center,"Community, >250 Beds",1,68553,0.15,0,0.81,Same,12,0.13,
2021,California,Los Angeles,Vancomycin-Resistant Enterococcus Bloodstream Infection (VRE BSI),930000065,"Hollywood Presbyterian Medical Center, Rehabilitation Unit",Rehabilitation Unit,0,5436,0,0,5.51,Same,12,0,
2021,California,Los Angeles,Vancomycin-Resistant Enterococcus Bloodstream Infection (VRE BSI),930000026,Huntington Hospital,"Community, >250 Beds",2,113136,0.18,0.02,0.64,Same,12,0.26,
2021,California,Los Angeles,Vancomycin-Resistant Enterococcus Bloodstream Infection (VRE BSI),930000026,"Huntington Hospital, Rehabilitation Unit",Rehabilitation Unit,1,2093,4.78,0.12,26.62,Same,7,,
2021,California,Los Angeles,Vancomycin-Resistant Enterococcus Bloodstream Infection (VRE BSI),930001543,"Kaiser Foundation Hospital, Baldwin Park",Major Teaching,1,47013,0.21,0.01,1.19,Same,12,0.44,
2021,California,Los Angeles,Vancomycin-Resistant Enterococcus Bloodstream Infection (VRE BSI),930000074,"Kaiser Foundation Hospital, Downey",Major Teaching,1,86840,0.12,0,0.64,Same,12,0.12,
2021,California,Los Angeles,Vancomycin-Resistant Enterococcus Bloodstream Infection (VRE BSI),930000072,"Kaiser Foundation Hospital, Los Angeles",Major Teaching,5,122077,0.41,0.13,0.96,Same,12,0.17,
2021,California,Los Angeles,Vancomycin-Resistant Enterococcus Bloodstream Infection (VRE BSI),930000050,"Kaiser Foundation Hospital, Panorama City",Major Teaching,0,39821,0,0,0.75,Same,12,0,
2021,California,Los Angeles,Vancomycin-Resistant Enterococcus Bloodstream Infection (VRE BSI),930000071,"Kaiser Foundation Hospital, South Bay",Major Teaching,2,56853,0.35,0.04,1.27,Same,12,0.38,
2021,California,Los Angeles,Vancomycin-Resistant Enterococcus Bloodstream Infection (VRE BSI),930000076,"Kaiser Foundation Hospital, West LA",Major Teaching,5,45607,1.1,0.36,2.56,Same,12,0.23,
2021,California,Los Angeles,Vancomycin-Resistant Enterococcus Bloodstream Infection (VRE BSI),930000290,"Kaiser Foundation Hospital, Woodland Hills",Major Teaching,4,41383,0.97,0.26,2.47,Same,12,0.22,
2021,California,Los Angeles,Vancomycin-Resistant Enterococcus Bloodstream Infection (VRE BSI),930000912,Keck Hospital of USC,Major Teaching,11,85893,1.28,0.64,2.29,Worse,12,0.71,
2021,California,Los Angeles,Vancomycin-Resistant Enterococcus Bloodstream Infection (VRE BSI),930000912,"Keck Hospital of USC, Rehabilitation Unit",Rehabilitation Unit,0,4901,0,0,6.11,Same,12,0,
2021,California,Los Angeles,Vancomycin-Resistant Enterococcus Bloodstream Infection (VRE BSI),930000033,Kindred Hospital Paramount,Long-Term Acute Care,5,28803,1.74,0.56,4.05,Same,12,1.7,
2021,California,Los Angeles,Vancomycin-Resistant Enterococcus Bloodstream Infection (VRE BSI),930000144,"Kindred Hospital, Baldwin Park",Long-Term Acute Care,5,28128,1.78,0.58,4.15,Same,12,3.47,
2021,California,Los Angeles,Vancomycin-Resistant Enterococcus Bloodstream Infection (VRE BSI),930000089,"Kindred Hospital, La Mirada",Long-Term Acute Care,3,14903,2.01,0.42,5.88,Same,12,1.44,
2021,California,Los Angeles,Vancomycin-Resistant Enterococcus Bloodstream Infection (VRE BSI),930000088,"Kindred Hospital, Los Angeles",Long-Term Acute Care,12,24514,4.9,2.53,8.55,Worse,12,3.96,
2021,California,Los Angeles,Vancomycin-Resistant Enterococcus Bloodstream Infection (VRE BSI),930000042,"Kindred Hospital, San Gabriel Valley",Long-Term Acute Care,6,17219,3.48,1.28,7.58,Worse,12,2.39,
2021,California,Los Angeles,Vancomycin-Resistant Enterococcus Bloodstream Infection (VRE BSI),930000039,"Kindred Hospital, South Bay",Long-Term Acute Care,3,14438,2.08,0.43,6.07,Same,12,0,
2021,California,Los Angeles,Vancomycin-Resistant Enterococcus Bloodstream Infection (VRE BSI),930000035,L.A. Downtown Medical Center,"Community, <125 Beds",0,16268,0,0,1.84,Same,12,0,
2021,California,Los Angeles,Vancomycin-Resistant Enterococcus Bloodstream Infection (VRE BSI),60000040,LAC+USC Medical Center,Major Teaching,12,156638,0.77,0.4,1.34,Same,12,1.03,
2021,California,Los Angeles,Vancomycin-Resistant Enterococcus Bloodstream Infection (VRE BSI),60000027,LAC/Harbor UCLA Medical Center,Major Teaching,7,84441,0.83,0.33,1.71,Same,12,0.84,
2021,California,Los Angeles,Vancomycin-Resistant Enterococcus Bloodstream Infection (VRE BSI),60000038,LAC/Olive View-UCLA Medical Center,Major Teaching,2,49948,0.4,0.05,1.45,Same,12,0.93,
2021,California,Los Angeles,Vancomycin-Resistant Enterococcus Bloodstream Infection (VRE BSI),60000028,LAC/Rancho Los Amigos National Rehabilitation Center,"Community, 125-250 Beds",0,24672,0,0,1.21,Same,12,0,
2021,California,Los Angeles,Vancomycin-Resistant Enterococcus Bloodstream Infection (VRE BSI),60000028,"LAC/Rancho Los Amigos National Rehabilitation Center, Rehabilitation Unit",Rehabilitation Unit,0,24072,0,0,1.24,Same,12,,
2021,California,Los Angeles,Vancomycin-Resistant Enterococcus Bloodstream Infection (VRE BSI),930000047,Lakewood Regional Medical Center,"Community, 125-250 Beds",2,42692,0.47,0.06,1.69,Same,12,0.75,
2021,California,Los Angeles,Vancomycin-Resistant Enterococcus Bloodstream Infection (VRE BSI),930000085,Los Angeles Community Hospital,"Community, <125 Beds",4,24464,1.64,0.45,4.19,Worse,12,0.56,
2021,California,Los Angeles,Vancomycin-Resistant Enterococcus Bloodstream Infection (VRE BSI),60000035,Martin Luther King Jr. Community Hospital,"Community, 125-250 Beds",0,46018,0,0,0.65,Same,12,,
2021,California,Los Angeles,Vancomycin-Resistant Enterococcus Bloodstream Infection (VRE BSI),930000092,Memorial Hospital of Gardena,"Community, <125 Beds",1,25587,0.39,0.01,2.18,Same,12,0.2,
2021,California,Los Angeles,Vancomycin-Resistant Enterococcus Bloodstream Infection (VRE BSI),930000095,MemorialCare Long Beach Medical Center,Major Teaching,2,96379,0.21,0.03,0.75,Same,12,0.78,
2021,California,Los Angeles,Vancomycin-Resistant Enterococcus Bloodstream Infection (VRE BSI),930000095,"MemorialCare Long Beach Medical Center, Rehabilitation Unit",Rehabilitation Unit,0,6921,0,0,4.33,Same,12,0,
2021,California,Los Angeles,Vancomycin-Resistant Enterococcus Bloodstream Infection (VRE BSI),930001709,MemorialCare Miller Children's & Women's Hospital Long Beach,Pediatric,0,64228,0,0,0.47,Same,12,0,
2021,California,Los Angeles,Vancomycin-Resistant Enterococcus Bloodstream Infection (VRE BSI),930000096,Methodist Hospital of Southern California,"Community, >250 Beds",1,59634,0.17,0,0.93,Same,12,0.28,
2021,California,Los Angeles,Vancomycin-Resistant Enterococcus Bloodstream Infection (VRE BSI),930000096,"Methodist Hospital of Southern California, Rehabilitation Unit",Rehabilitation Unit,0,7941,0,0,3.77,Same,12,0,
2021,California,Los Angeles,Vancomycin-Resistant Enterococcus Bloodstream Infection (VRE BSI),930000027,Mission Community Hospital,"Community, 125-250 Beds",7,26138,2.68,1.08,5.52,Worse,12,0.47,
2021,California,Los Angeles,Vancomycin-Resistant Enterococcus Bloodstream Infection (VRE BSI),930000107,Monrovia Memorial Hospital,Long-Term Acute Care,1,5704,1.75,0.04,9.77,Same,12,2.37,
2021,California,Los Angeles,Vancomycin-Resistant Enterococcus Bloodstream Infection (VRE BSI),930000108,Monterey Park Hospital,"Community, <125 Beds",1,17727,0.56,0.01,3.14,Same,12,0.47,
2021,California,Los Angeles,Vancomycin-Resistant Enterococcus Bloodstream Infection (VRE BSI),930000111,Northridge Hospital Medical Center,Major Teaching,1,61899,0.16,0,0.9,Same,12,0,
2021,California,Los Angeles,Vancomycin-Resistant Enterococcus Bloodstream Infection (VRE BSI),930000111,"Northridge Hospital Medical Center, Rehabilitation Unit",Rehabilitation Unit,0,6563,0,0,4.56,Same,12,0,
2021,California,Los Angeles,Vancomycin-Resistant Enterococcus Bloodstream Infection (VRE BSI),930000112,Norwalk Community Hospital,"Community, <125 Beds",3,14333,2.09,0.43,6.12,Worse,12,,
2021,California,Los Angeles,Vancomycin-Resistant Enterococcus Bloodstream Infection (VRE BSI),930000105,Olympia Medical Center,"Community, 125-250 Beds",1,3795,2.64,0.07,14.68,Same,3,1.42,
2021,California,Los Angeles,Vancomycin-Resistant Enterococcus Bloodstream Infection (VRE BSI),930000052,"PIH Health Hospital, Downey",Major Teaching,1,31873,0.31,0.01,1.75,Same,12,0.35,
2021,California,Los Angeles,Vancomycin-Resistant Enterococcus Bloodstream Infection (VRE BSI),930000099,"PIH Health Hospital, Whittier",Major Teaching,0,90756,0,0,0.33,Same,12,0.14,
2021,California,Los Angeles,Vancomycin-Resistant Enterococcus Bloodstream Infection (VRE BSI),930000099,"PIH Health Hospital, Whittier, Rehabilitation Unit",Rehabilitation Unit,0,3927,0,0,7.63,Same,12,,
2021,California,Los Angeles,Vancomycin-Resistant Enterococcus Bloodstream Infection (VRE BSI),930000032,Pacific Gardens Medical Center,"Community, <125 Beds",0,534,0,0,56.1,Same,3,,
2021,California,Los Angeles,Vancomycin-Resistant Enterococcus Bloodstream Infection (VRE BSI),930000133,Pacifica Hospital of the Valley,"Community, <125 Beds",1,12137,0.82,0.02,4.59,Same,12,0.43,
2021,California,Los Angeles,Vancomycin-Resistant Enterococcus Bloodstream Infection (VRE BSI),930000077,Palmdale Regional Medical Center,Major Teaching,0,39533,0,0,0.76,Same,12,0.27,
2021,California,Los Angeles,Vancomycin-Resistant Enterococcus Bloodstream Infection (VRE BSI),930000077,"Palmdale Regional Medical Center, Rehabilitation Unit",Rehabilitation Unit,0,1747,0,0,17.15,Same,4,,
2021,California,Los Angeles,Vancomycin-Resistant Enterococcus Bloodstream Infection (VRE BSI),930000123,Pomona Valley Hospital Medical Center,Major Teaching,4,105637,0.38,0.1,0.97,Same,12,0.09,
2021,California,Los Angeles,Vancomycin-Resistant Enterococcus Bloodstream Infection (VRE BSI),930000091,Providence Cedars-Sinai Tarzana Medical Center,"Community, 125-250 Beds",0,52665,0,0,0.57,Same,12,0.71,
2021,California,Los Angeles,Vancomycin-Resistant Enterococcus Bloodstream Infection (VRE BSI),930000066,Providence Holy Cross Medical Center,"Community, >250 Beds",1,82241,0.12,0,0.68,Same,12,0.37,
2021,California,Los Angeles,Vancomycin-Resistant Enterococcus Bloodstream Infection (VRE BSI),930000066,"Providence Holy Cross Medical Center, Rehabilitation Unit",Rehabilitation Unit,0,3883,0,0,7.71,Same,12,0,
2021,California,Los Angeles,Vancomycin-Resistant Enterococcus Bloodstream Infection (VRE BSI),930000157,Providence Little Company of Mary Medical Center San Pedro,"Community, >250 Beds",0,17998,0,0,1.66,Same,12,1.09,
2021,California,Los Angeles,Vancomycin-Resistant Enterococcus Bloodstream Infection (VRE BSI),930000157,"Providence Little Company of Mary Medical Center San Pedro, Rehabilitation Unit",Rehabilitation Unit,0,8218,0,0,3.65,Same,12,,
2021,California,Los Angeles,Vancomycin-Resistant Enterococcus Bloodstream Infection (VRE BSI),930000081,Providence Little Company of Mary Medical Center Torrance,"Community, >250 Beds",1,73998,0.14,0,0.75,Same,12,0.37,
2021,California,Los Angeles,Vancomycin-Resistant Enterococcus Bloodstream Infection (VRE BSI),930000100,Providence Saint John's Health Center,"Community, >250 Beds",1,58361,0.17,0,0.95,Same,12,0,
2021,California,Los Angeles,Vancomycin-Resistant Enterococcus Bloodstream Infection (VRE BSI),930000101,Providence Saint Joseph Medical Center,"Community, >250 Beds",1,76787,0.13,0,0.73,Same,12,0,
2021,California,Los Angeles,Vancomycin-Resistant Enterococcus Bloodstream Infection (VRE BSI),930000101,"Providence Saint Joseph Medical Center, Rehabilitation Unit",Rehabilitation Unit,0,3252,0,0,9.21,Same,12,3.45,
2021,California,Los Angeles,Vancomycin-Resistant Enterococcus Bloodstream Infection (VRE BSI),930000162,Ronald Reagan UCLA Medical Center,Major Teaching,8,155158,0.52,0.22,1.02,Same,12,4.78,
2021,California,Los Angeles,Vancomycin-Resistant Enterococcus Bloodstream Infection (VRE BSI),930000125,San Dimas Community Hospital,"Community, <125 Beds",0,15353,0,0,1.95,Same,12,0,
2021,California,Los Angeles,Vancomycin-Resistant Enterococcus Bloodstream Infection (VRE BSI),930000041,San Gabriel Valley Medical Center,"Community, 125-250 Beds",0,38019,0,0,0.79,Same,12,0.21,
2021,California,Los Angeles,Vancomycin-Resistant Enterococcus Bloodstream Infection (VRE BSI),930000049,Santa Monica - UCLA Medical Center and Orthopaedic Hospital,Major Teaching,6,83390,0.72,0.26,1.57,Same,12,0.41,
2021,California,Los Angeles,Vancomycin-Resistant Enterococcus Bloodstream Infection (VRE BSI),930000140,Sherman Oaks Hospital,"Community, 125-250 Beds",2,18497,1.08,0.13,3.91,Same,12,0.92,
2021,California,Los Angeles,Vancomycin-Resistant Enterococcus Bloodstream Infection (VRE BSI),930000015,Southern California Hospital at Culver City,"Community, >250 Beds",1,42799,0.23,0.01,1.3,Same,12,0,
2021,California,Los Angeles,Vancomycin-Resistant Enterococcus Bloodstream Infection (VRE BSI),930000015,"Southern California Hospital at Culver City, Rehabilitation Unit",Rehabilitation Unit,0,4060,0,0,7.38,Same,12,0,
2021,California,Los Angeles,Vancomycin-Resistant Enterococcus Bloodstream Infection (VRE BSI),930000064,Southern California Hospital at Hollywood,"Community, <125 Beds",0,18094,0,0,1.66,Same,12,0,
2021,California,Los Angeles,Vancomycin-Resistant Enterococcus Bloodstream Infection (VRE BSI),930000128,St. Francis Medical Center,"Community, >250 Beds",1,74996,0.13,0,0.74,Same,12,0.3,
2021,California,Los Angeles,Vancomycin-Resistant Enterococcus Bloodstream Infection (VRE BSI),930000103,"St. Mary Medical Center, Long Beach","Community, >250 Beds",3,56490,0.53,0.11,1.55,Same,12,0,
2021,California,Los Angeles,Vancomycin-Resistant Enterococcus Bloodstream Infection (VRE BSI),930000103,"St. Mary Medical Center, Long Beach, Rehabilitation Unit",Rehabilitation Unit,0,4284,0,0,6.99,Same,12,0,
2021,California,Los Angeles,Vancomycin-Resistant Enterococcus Bloodstream Infection (VRE BSI),930000127,Torrance Memorial Medical Center,"Community, >250 Beds",2,110902,0.18,0.02,0.65,Same,12,0.1,
2021,California,Los Angeles,Vancomycin-Resistant Enterococcus Bloodstream Infection (VRE BSI),930000163,USC Kenneth Norris Jr. Cancer Hospital,Major Teaching,0,12939,0,0,2.32,Same,12,7.25,
2021,California,Los Angeles,Vancomycin-Resistant Enterococcus Bloodstream Infection (VRE BSI),930000187,USC Verdugo Hills Hospital,Major Teaching,0,24887,0,0,1.2,Same,12,0.53,
2021,California,Los Angeles,Vancomycin-Resistant Enterococcus Bloodstream Infection (VRE BSI),930000129,Valley Presbyterian Hospital,"Community, >250 Beds",5,60585,0.83,0.27,1.93,Same,12,0.66,
2021,California,Los Angeles,Vancomycin-Resistant Enterococcus Bloodstream Infection (VRE BSI),930000129,"Valley Presbyterian Hospital, Rehabilitation Unit",Rehabilitation Unit,0,3648,0,0,8.21,Same,12,0,
2021,California,Los Angeles,Vancomycin-Resistant Enterococcus Bloodstream Infection (VRE BSI),930000188,West Covina Medical Center,"Community, <125 Beds",0,1473,0,0,20.34,Same,12,0,
2021,California,Los Angeles,Vancomycin-Resistant Enterococcus Bloodstream Infection (VRE BSI),930000028,West Hills Hospital & Medical Center,"Community, >250 Beds",4,38469,1.04,0.28,2.66,Same,12,0.86,
2021,California,Los Angeles,Vancomycin-Resistant Enterococcus Bloodstream Infection (VRE BSI),930000151,Whittier Hospital Medical Center,"Community, 125-250 Beds",1,23754,0.42,0.01,2.35,Same,12,0,
2021,California,Madera,Vancomycin-Resistant Enterococcus Bloodstream Infection (VRE BSI),40000111,Madera Community Hospital,"Community, <125 Beds",1,15987,0.63,0.02,3.49,Same,12,0,
2021,California,Madera,Vancomycin-Resistant Enterococcus Bloodstream Infection (VRE BSI),40000129,Valley Children's Hospital,Pediatric,0,69277,0,0,0.43,Same,12,0.13,
2021,California,Marin,Vancomycin-Resistant Enterococcus Bloodstream Infection (VRE BSI),110000944,"Kaiser Foundation Hospital, San Rafael","Community, <125 Beds",0,20378,0,0,1.47,Same,12,0,
2021,California,Marin,Vancomycin-Resistant Enterococcus Bloodstream Infection (VRE BSI),110000946,Kentfield Hospital,Long-Term Acute Care,1,12390,0.81,0.02,4.5,Same,9,0,"Incomplete Reporter, interpret with caution"
2021,California,Marin,Vancomycin-Resistant Enterococcus Bloodstream Infection (VRE BSI),110000953,MarinHealth Medical Center,"Community, 125-250 Beds",0,40962,0,0,0.73,Same,12,0.52,
2021,California,Marin,Vancomycin-Resistant Enterococcus Bloodstream Infection (VRE BSI),110000982,Novato Community Hospital,"Community, <125 Beds",0,6421,0,0,4.67,Same,12,0,
2021,California,Mariposa,Vancomycin-Resistant Enterococcus Bloodstream Infection (VRE BSI),40000105,John C. Fremont Healthcare District,Critical Access,0,2668,0,0,11.23,Same,12,0,
2021,California,Mendocino,Vancomycin-Resistant Enterococcus Bloodstream Infection (VRE BSI),110000008,Adventist Health Howard Memorial,Critical Access,0,8155,0,0,3.67,Same,12,0,
2021,California,Mendocino,Vancomycin-Resistant Enterococcus Bloodstream Infection (VRE BSI),110000023,Adventist Health Mendocino Coast,Critical Access,0,5113,0,0,5.86,Same,12,0,
2021,California,Mendocino,Vancomycin-Resistant Enterococcus Bloodstream Infection (VRE BSI),110000070,Adventist Health Ukiah Valley,Major Teaching,0,13689,0,0,2.19,Same,12,0,
2021,California,Merced,Vancomycin-Resistant Enterococcus Bloodstream Infection (VRE BSI),40000110,Memorial Hospital Los Banos,"Community, <125 Beds",0,7391,0,0,4.05,Same,12,0,
2021,California,Merced,Vancomycin-Resistant Enterococcus Bloodstream Infection (VRE BSI),40000113,Mercy Medical Center,Major Teaching,1,54237,0.18,0,1.03,Same,12,0.42,
2021,California,Modoc,Vancomycin-Resistant Enterococcus Bloodstream Infection (VRE BSI),230000011,Modoc Medical Center,Critical Access,0,1253,0,0,23.91,Same,11,0,"Incomplete Reporter, interpret with caution"
2021,California,Modoc,Vancomycin-Resistant Enterococcus Bloodstream Infection (VRE BSI),230000021,Surprise Valley Community Hospital,Critical Access,0,280,0,0,106.99,Same,12,,
2021,California,Mono,Vancomycin-Resistant Enterococcus Bloodstream Infection (VRE BSI),240000005,Mammoth Hospital,Critical Access,0,2097,0,0,14.29,Same,12,0,
2021,California,Monterey,Vancomycin-Resistant Enterococcus Bloodstream Infection (VRE BSI),70000137,Community Hospital of The Monterey Peninsula,"Community, >250 Beds",0,55395,0,0,0.54,Same,12,0,
2021,California,Monterey,Vancomycin-Resistant Enterococcus Bloodstream Infection (VRE BSI),70000137,"Community Hospital of The Monterey Peninsula, Rehabilitation Unit",Rehabilitation Unit,0,3527,0,0,8.49,Same,12,0,
2021,California,Monterey,Vancomycin-Resistant Enterococcus Bloodstream Infection (VRE BSI),70000141,George L. Mee Memorial Hospital,"Community, <125 Beds",0,1865,0,0,16.06,Same,12,0,
2021,California,Monterey,Vancomycin-Resistant Enterococcus Bloodstream Infection (VRE BSI),70000145,Natividad Medical Center,Major Teaching,0,38599,0,0,0.78,Same,12,0,
2021,California,Monterey,Vancomycin-Resistant Enterococcus Bloodstream Infection (VRE BSI),70000145,"Natividad Medical Center, Rehabilitation Unit",Rehabilitation Unit,0,8817,0,0,3.4,Same,12,,
2021,California,Monterey,Vancomycin-Resistant Enterococcus Bloodstream Infection (VRE BSI),70000147,Salinas Valley Memorial Hospital,"Community, >250 Beds",0,40702,0,0,0.74,Same,12,0,
2021,California,Napa,Vancomycin-Resistant Enterococcus Bloodstream Infection (VRE BSI),110000058,Adventist Health St. Helena,"Community, <125 Beds",0,14002,0,0,2.14,Same,12,0.6,
2021,California,Napa,Vancomycin-Resistant Enterococcus Bloodstream Infection (VRE BSI),110000041,Providence Queen of the Valley Medical Center,"Community, 125-250 Beds",0,23637,0,0,1.27,Same,12,0,
2021,California,Napa,Vancomycin-Resistant Enterococcus Bloodstream Infection (VRE BSI),110000041,"Providence Queen of the Valley Medical Center, Rehabilitation Unit",Rehabilitation Unit,0,3124,0,0,9.59,Same,12,0,
2021,California,Nevada,Vancomycin-Resistant Enterococcus Bloodstream Infection (VRE BSI),230000262,Sierra Nevada Memorial Hospital,"Community, <125 Beds",0,21181,0,0,1.41,Same,12,0,
2021,California,Nevada,Vancomycin-Resistant Enterococcus Bloodstream Infection (VRE BSI),230000265,Tahoe Forest Hospital,Critical Access,0,7647,0,0,3.92,Same,12,0,
2021,California,Orange,Vancomycin-Resistant Enterococcus Bloodstream Infection (VRE BSI),60000002,AHMC Anaheim Regional Medical Center,"Community, 125-250 Beds",0,32192,0,0,0.93,Same,12,0,
2021,California,Orange,Vancomycin-Resistant Enterococcus Bloodstream Infection (VRE BSI),60000074,Anaheim Global Medical Center,"Community, 125-250 Beds",0,21860,0,0,1.37,Same,12,0,
2021,California,Orange,Vancomycin-Resistant Enterococcus Bloodstream Infection (VRE BSI),60000006,Chapman Global Medical Center,"Community, <125 Beds",0,7150,0,0,4.19,Same,12,0,
2021,California,Orange,Vancomycin-Resistant Enterococcus Bloodstream Infection (VRE BSI),60001207,Children's Hospital at Mission,Pediatric,0,8286,0,0,3.62,Same,12,0,
2021,California,Orange,Vancomycin-Resistant Enterococcus Bloodstream Infection (VRE BSI),60000007,Children's Hospital of Orange County,Pediatric,1,64141,0.16,0,0.87,Same,12,0,
2021,California,Orange,Vancomycin-Resistant Enterococcus Bloodstream Infection (VRE BSI),60000008,College Hospital Costa Mesa,"Community, 125-250 Beds",0,41896,0,0,0.72,Same,12,0,
2021,California,Orange,Vancomycin-Resistant Enterococcus Bloodstream Infection (VRE BSI),60001097,Encompass Health Rehabilitation Hospital of Tustin,Free-Standing Rehabilitation,0,14657,0,0,2.04,Same,12,0,
2021,California,Orange,Vancomycin-Resistant Enterococcus Bloodstream Infection (VRE BSI),60000013,Foothill Regional Medical Center,"Community, <125 Beds",0,11779,0,0,2.54,Same,12,,
2021,California,Orange,Vancomycin-Resistant Enterococcus Bloodstream Infection (VRE BSI),60000011,Fountain Valley Regional Hospital and Medical Center,"Community, >250 Beds",1,78849,0.13,0,0.71,Same,12,0.7,
2021,California,Orange,Vancomycin-Resistant Enterococcus Bloodstream Infection (VRE BSI),60000058,Garden Grove Hospital and Medical Center,"Community, <125 Beds",0,14869,0,0,2.01,Same,12,0,
2021,California,Orange,Vancomycin-Resistant Enterococcus Bloodstream Infection (VRE BSI),60001674,"Healthbridge Children's Hospital, Orange",Pediatric,0,821,0,0,36.49,Same,12,0,
2021,California,Orange,Vancomycin-Resistant Enterococcus Bloodstream Infection (VRE BSI),60001022,Hoag Hospital Irvine,"Community, <125 Beds",0,24891,0,0,1.2,Same,12,0,
2021,California,Orange,Vancomycin-Resistant Enterococcus Bloodstream Infection (VRE BSI),60000014,Hoag Memorial Hospital Presbyterian,"Community, >250 Beds",0,117732,0,0,0.25,Better,12,0.09,
2021,California,Orange,Vancomycin-Resistant Enterococcus Bloodstream Infection (VRE BSI),60000014,Hoag Memorial Hospital Presbyterian,Rehabilitation Unit,,,,,,,,,
2021,California,Orange,Vancomycin-Resistant Enterococcus Bloodstream Infection (VRE BSI),630012891,Hoag Orthopedic Institute,"Community, <125 Beds",0,4580,0,0,6.54,Same,12,0,
2021,California,Orange,Vancomycin-Resistant Enterococcus Bloodstream Infection (VRE BSI),60000015,Huntington Beach Hospital,"Community, <125 Beds",1,10096,0.99,0.03,5.52,Same,12,0,
2021,California,Orange,Vancomycin-Resistant Enterococcus Bloodstream Infection (VRE BSI),630013929,"Kaiser Foundation Hospital, Orange County, Anaheim",Major Teaching,1,64689,0.15,0,0.86,Same,12,0,
2021,California,Orange,Vancomycin-Resistant Enterococcus Bloodstream Infection (VRE BSI),630011745,"Kaiser Foundation Hospital, Orange County, Irvine",Major Teaching,0,48608,0,0,0.62,Same,12,0,
2021,California,Orange,Vancomycin-Resistant Enterococcus Bloodstream Infection (VRE BSI),60001360,"Kindred Hospital, Brea",Long-Term Acute Care,1,14933,0.67,0.02,3.73,Same,12,0.7,
2021,California,Orange,Vancomycin-Resistant Enterococcus Bloodstream Infection (VRE BSI),930001607,"Kindred Hospital, Santa Ana",Long-Term Acute Care,7,14329,4.89,1.96,10.07,Worse,12,2.23,
2021,California,Orange,Vancomycin-Resistant Enterococcus Bloodstream Infection (VRE BSI),60000017,"Kindred Hospital, Westminster",Long-Term Acute Care,0,29996,0,0,1,Same,12,1.89,
2021,California,Orange,Vancomycin-Resistant Enterococcus Bloodstream Infection (VRE BSI),60000024,La Palma Intercommunity Hospital,"Community, 125-250 Beds",0,9302,0,0,3.22,Same,12,0.57,
2021,California,Orange,Vancomycin-Resistant Enterococcus Bloodstream Infection (VRE BSI),60000025,Los Alamitos Medical Center,"Community, 125-250 Beds",3,51635,0.58,0.12,1.7,Same,12,0.22,
2021,California,Orange,Vancomycin-Resistant Enterococcus Bloodstream Infection (VRE BSI),60000208,MemorialCare Orange Coast Medical Center,"Community, 125-250 Beds",0,53700,0,0,0.56,Same,12,0.21,
2021,California,Orange,Vancomycin-Resistant Enterococcus Bloodstream Infection (VRE BSI),60000063,MemorialCare Saddleback Medical Center,"Community, 125-250 Beds",0,43898,0,0,0.68,Same,12,0,
2021,California,Orange,Vancomycin-Resistant Enterococcus Bloodstream Infection (VRE BSI),60000073,Orange County Global Medical Center,"Community, >250 Beds",2,42736,0.47,0.06,1.69,Same,12,0.26,
2021,California,Orange,Vancomycin-Resistant Enterococcus Bloodstream Infection (VRE BSI),60000062,Placentia Linda Hospital,"Community, <125 Beds",0,15612,0,0,1.92,Same,12,0,
2021,California,Orange,Vancomycin-Resistant Enterococcus Bloodstream Infection (VRE BSI),60000060,Providence Mission Hospital,Major Teaching,0,70814,0,0,0.42,Same,12,0.29,
2021,California,Orange,Vancomycin-Resistant Enterococcus Bloodstream Infection (VRE BSI),60000066,Providence Mission Hospital - Laguna Beach,Major Teaching,0,11683,0,0,2.56,Same,12,0,
2021,California,Orange,Vancomycin-Resistant Enterococcus Bloodstream Infection (VRE BSI),60000060,"Providence Mission Hospital, Rehabilitation Unit",Rehabilitation Unit,0,4670,0,0,6.41,Same,12,0,
2021,California,Orange,Vancomycin-Resistant Enterococcus Bloodstream Infection (VRE BSI),60000067,"Providence St. Joseph Hospital, Orange","Community, >250 Beds",0,82321,0,0,0.36,Better,12,0.12,
2021,California,Orange,Vancomycin-Resistant Enterococcus Bloodstream Infection (VRE BSI),60000068,Providence St. Jude Medical Center,"Community, >250 Beds",0,76922,0,0,0.39,Better,12,0.3,
2021,California,Orange,Vancomycin-Resistant Enterococcus Bloodstream Infection (VRE BSI),60000068,"Providence St. Jude Medical Center, Rehabilitation Unit",Rehabilitation Unit,0,8403,0,0,3.57,Same,12,0,
2021,California,Orange,Vancomycin-Resistant Enterococcus Bloodstream Infection (VRE BSI),60000021,South Coast Global Medical Center,"Community, 125-250 Beds",0,9122,0,0,3.28,Same,12,0,
2021,California,Orange,Vancomycin-Resistant Enterococcus Bloodstream Infection (VRE BSI),60000071,University of California Irvine Medical Center,Major Teaching,10,124427,0.8,0.39,1.48,Same,12,1.17,
2021,California,Orange,Vancomycin-Resistant Enterococcus Bloodstream Infection (VRE BSI),60000071,"University of California Irvine Medical Center, Rehabilitation Unit",Rehabilitation Unit,0,4232,0,0,7.08,Same,12,0,
2021,California,Orange,Vancomycin-Resistant Enterococcus Bloodstream Infection (VRE BSI),60000016,West Anaheim Medical Center,"Community, <125 Beds",0,26050,0,0,1.15,Same,12,0,
2021,California,Placer,Vancomycin-Resistant Enterococcus Bloodstream Infection (VRE BSI),30001370,"Kaiser Foundation Hospital, Roseville",Major Teaching,1,121959,0.08,0,0.46,Same,12,0,
2021,California,Placer,Vancomycin-Resistant Enterococcus Bloodstream Infection (VRE BSI),30000109,Sutter Auburn Faith Hospital,"Community, <125 Beds",0,13614,0,0,2.2,Same,12,0,
2021,California,Placer,Vancomycin-Resistant Enterococcus Bloodstream Infection (VRE BSI),30000134,Sutter Roseville Medical Center,"Community, >250 Beds",1,109404,0.09,0,0.51,Same,12,0,
2021,California,Placer,Vancomycin-Resistant Enterococcus Bloodstream Infection (VRE BSI),30000134,"Sutter Roseville Medical Center, Rehabilitation Unit",Rehabilitation Unit,0,12259,0,0,2.44,Same,12,0,
2021,California,Plumas,Vancomycin-Resistant Enterococcus Bloodstream Infection (VRE BSI),230000004,"Eastern Plumas Hospital, Portola Campus",Critical Access,0,812,0,0,36.89,Same,12,0,
2021,California,Plumas,Vancomycin-Resistant Enterococcus Bloodstream Infection (VRE BSI),230000015,Plumas District Hospital,Critical Access,0,1807,0,0,16.58,Same,9,0,"Incomplete Reporter, interpret with caution"
2021,California,Plumas,Vancomycin-Resistant Enterococcus Bloodstream Infection (VRE BSI),230000017,Seneca District Hospital,Critical Access,0,0,,,,,12,0,"Incomplete Reporter, interpret with caution"
2021,California,Riverside,Vancomycin-Resistant Enterococcus Bloodstream Infection (VRE BSI),250000006,Corona Regional Medical Center,"Community, 125-250 Beds",0,36258,0,0,0.83,Same,12,0.35,
2021,California,Riverside,Vancomycin-Resistant Enterococcus Bloodstream Infection (VRE BSI),250000008,Desert Regional Medical Center,Major Teaching,1,87641,0.11,0,0.64,Same,12,0.22,
2021,California,Riverside,Vancomycin-Resistant Enterococcus Bloodstream Infection (VRE BSI),250000008,"Desert Regional Medical Center, Rehabilitation Unit",Rehabilitation Unit,0,2579,0,0,11.62,Same,12,0,
2021,California,Riverside,Vancomycin-Resistant Enterococcus Bloodstream Infection (VRE BSI),250000044,Doctors Hospital of Riverside,"Community, 125-250 Beds",0,32331,0,0,0.93,Same,12,0.66,
2021,California,Riverside,Vancomycin-Resistant Enterococcus Bloodstream Infection (VRE BSI),250000011,Eisenhower Medical Center,Major Teaching,1,76187,0.13,0,0.73,Same,12,0.67,
2021,California,Riverside,Vancomycin-Resistant Enterococcus Bloodstream Infection (VRE BSI),630019237,Encompass Health Rehabilitation Hospital of Murrieta,Free-Standing Rehabilitation,0,10906,0,0,2.75,Same,12,,
2021,California,Riverside,Vancomycin-Resistant Enterococcus Bloodstream Infection (VRE BSI),250000012,Hemet Global Medical Center,Major Teaching,0,37445,0,0,0.8,Same,12,1.32,
2021,California,Riverside,Vancomycin-Resistant Enterococcus Bloodstream Infection (VRE BSI),250000017,John F. Kennedy Memorial Hospital,"Community, 125-250 Beds",0,22642,0,0,1.32,Same,12,0,
2021,California,Riverside,Vancomycin-Resistant Enterococcus Bloodstream Infection (VRE BSI),630011959,"Kaiser Foundation Hospital, Moreno Valley",Major Teaching,0,22572,0,0,1.33,Same,12,0.59,
2021,California,Riverside,Vancomycin-Resistant Enterococcus Bloodstream Infection (VRE BSI),250000707,"Kaiser Foundation Hospital, Riverside",Major Teaching,0,56162,0,0,0.53,Same,12,0.19,
2021,California,Riverside,Vancomycin-Resistant Enterococcus Bloodstream Infection (VRE BSI),250000004,"Kindred Hospital, Riverside",Long-Term Acute Care,6,13104,4.58,1.68,9.97,Worse,12,2.62,
2021,California,Riverside,Vancomycin-Resistant Enterococcus Bloodstream Infection (VRE BSI),630012971,"Loma Linda University Medical Center, Murrieta",Major Teaching,2,45473,0.44,0.05,1.59,Same,12,0.3,
2021,California,Riverside,Vancomycin-Resistant Enterococcus Bloodstream Infection (VRE BSI),250000727,Menifee Global Medical Center,"Community, <125 Beds",0,17506,0,0,1.71,Same,12,0,
2021,California,Riverside,Vancomycin-Resistant Enterococcus Bloodstream Infection (VRE BSI),250000042,Palo Verde Hospital,"Community, <125 Beds",0,1607,0,0,18.64,Same,12,3.05,
2021,California,Riverside,Vancomycin-Resistant Enterococcus Bloodstream Infection (VRE BSI),250000049,Riverside Community Hospital,Major Teaching,6,135687,0.44,0.16,0.96,Same,12,0.28,
2021,California,Riverside,Vancomycin-Resistant Enterococcus Bloodstream Infection (VRE BSI),250000050,Riverside University Health System - Medical Center,Major Teaching,2,90840,0.22,0.03,0.8,Same,12,0.78,
2021,California,Riverside,Vancomycin-Resistant Enterococcus Bloodstream Infection (VRE BSI),250000101,San Gorgonio Memorial Hospital,Major Teaching,1,12422,0.81,0.02,4.49,Same,12,1.15,
2021,California,Riverside,Vancomycin-Resistant Enterococcus Bloodstream Infection (VRE BSI),250000507,"Southwest Healthcare System, Murrieta","Community, 125-250 Beds",0,35479,0,0,0.84,Same,12,0,
2021,California,Riverside,Vancomycin-Resistant Enterococcus Bloodstream Infection (VRE BSI),250000344,"Southwest Healthcare System, Wildomar","Community, <125 Beds",1,37539,0.27,0.01,1.48,Same,12,0,
2021,California,Riverside,Vancomycin-Resistant Enterococcus Bloodstream Infection (VRE BSI),630014442,Temecula Valley Hospital,"Community, 125-250 Beds",0,45581,0,0,0.66,Same,12,0,
2021,California,Riverside,Vancomycin-Resistant Enterococcus Bloodstream Infection (VRE BSI),630017654,Vibra Rehabilitation Hospital of Rancho Mirage,Free-Standing Rehabilitation,0,10190,0,0,2.94,Same,12,,
2021,California,Sacramento,Vancomycin-Resistant Enterococcus Bloodstream Infection (VRE BSI),30000130,"Kaiser Foundation Hospital, Sacramento",Major Teaching,1,60778,0.16,0,0.92,Same,12,0.19,
2021,California,Sacramento,Vancomycin-Resistant Enterococcus Bloodstream Infection (VRE BSI),30000133,"Kaiser Foundation Hospital, South Sacramento",Major Teaching,1,76146,0.13,0,0.73,Same,12,0.18,
2021,California,Sacramento,Vancomycin-Resistant Enterococcus Bloodstream Infection (VRE BSI),30000124,Mercy General Hospital,Major Teaching,0,62940,0,0,0.48,Same,12,0.91,
2021,California,Sacramento,Vancomycin-Resistant Enterococcus Bloodstream Infection (VRE BSI),30000124,"Mercy General Hospital, Rehabilitation Unit",Rehabilitation Unit,0,6289,0,0,4.76,Same,12,0,
2021,California,Sacramento,Vancomycin-Resistant Enterococcus Bloodstream Infection (VRE BSI),30000901,Mercy Hospital of Folsom,"Community, <125 Beds",1,29148,0.34,0.01,1.91,Same,12,0.38,
2021,California,Sacramento,Vancomycin-Resistant Enterococcus Bloodstream Infection (VRE BSI),30000127,Mercy San Juan Medical Center,Major Teaching,0,94044,0,0,0.32,Same,12,0.19,
2021,California,Sacramento,Vancomycin-Resistant Enterococcus Bloodstream Infection (VRE BSI),30000037,Methodist Hospital of Sacramento,"Community, 125-250 Beds",1,29395,0.34,0.01,1.9,Same,12,0.47,
2021,California,Sacramento,Vancomycin-Resistant Enterococcus Bloodstream Infection (VRE BSI),30001506,Shriners Hospitals for Children Northern California,Pediatric,0,7154,0,0,4.19,Same,12,0,
2021,California,Sacramento,Vancomycin-Resistant Enterococcus Bloodstream Infection (VRE BSI),30000151,"Sutter Medical Center, Sacramento",Major Teaching,1,150361,0.07,0,0.37,Same,12,0.29,
2021,California,Sacramento,Vancomycin-Resistant Enterococcus Bloodstream Infection (VRE BSI),30000113,University of California Davis Medical Center,Major Teaching,20,210058,0.95,0.58,1.47,Worse,12,0.97,
2021,California,Sacramento,Vancomycin-Resistant Enterococcus Bloodstream Infection (VRE BSI),30000113,"University of California Davis Medical Center, Rehabilitation Unit",Rehabilitation Unit,0,6362,0,0,4.71,Same,12,0,
2021,California,Sacramento,Vancomycin-Resistant Enterococcus Bloodstream Infection (VRE BSI),30000907,Vibra Hospital of Sacramento,Long-Term Acute Care,1,17631,0.57,0.01,3.16,Same,12,1.97,
2021,California,San Benito,Vancomycin-Resistant Enterococcus Bloodstream Infection (VRE BSI),70000142,Hazel Hawkins Memorial Hospital,Critical Access,0,8018,0,0,3.74,Same,12,0,
2021,California,San Bernardino,Vancomycin-Resistant Enterococcus Bloodstream Infection (VRE BSI),240000100,Arrowhead Regional Medical Center,Major Teaching,2,102025,0.2,0.02,0.71,Same,12,0.49,
2021,California,San Bernardino,Vancomycin-Resistant Enterococcus Bloodstream Infection (VRE BSI),240001218,Ballard Rehabilitation Hospital,Free-Standing Rehabilitation,0,12770,0,0,2.35,Same,12,0,
2021,California,San Bernardino,Vancomycin-Resistant Enterococcus Bloodstream Infection (VRE BSI),240000001,Barstow Community Hospital,"Community, <125 Beds",0,12934,0,0,2.32,Same,12,0,
2021,California,San Bernardino,Vancomycin-Resistant Enterococcus Bloodstream Infection (VRE BSI),240000002,Bear Valley Community Hospital,Critical Access,0,1007,0,0,29.75,Same,12,0,
2021,California,San Bernardino,Vancomycin-Resistant Enterococcus Bloodstream Infection (VRE BSI),240000003,Chino Valley Medical Center,"Community, <125 Beds",0,18324,0,0,1.63,Same,12,0,
2021,California,San Bernardino,Vancomycin-Resistant Enterococcus Bloodstream Infection (VRE BSI),240000034,Colorado River Medical Center,Critical Access,0,745,0,0,40.21,Same,12,0,
2021,California,San Bernardino,Vancomycin-Resistant Enterococcus Bloodstream Infection (VRE BSI),240000082,Community Hospital of San Bernardino,"Community, >250 Beds",1,32331,0.31,0.01,1.72,Same,12,0,
2021,California,San Bernardino,Vancomycin-Resistant Enterococcus Bloodstream Infection (VRE BSI),240001330,Desert Valley Hospital,"Community, 125-250 Beds",0,41077,0,0,0.73,Same,12,0.29,
2021,California,San Bernardino,Vancomycin-Resistant Enterococcus Bloodstream Infection (VRE BSI),240000014,Hi-Desert Medical Center,"Community, <125 Beds",0,6055,0,0,4.95,Same,12,0,
2021,California,San Bernardino,Vancomycin-Resistant Enterococcus Bloodstream Infection (VRE BSI),240000024,"Kaiser Foundation Hospital, Fontana",Major Teaching,2,95617,0.21,0.03,0.76,Same,12,0,
2021,California,San Bernardino,Vancomycin-Resistant Enterococcus Bloodstream Infection (VRE BSI),630013398,"Kaiser Foundation Hospital, Ontario",Major Teaching,0,52143,0,0,0.57,Same,12,0.46,
2021,California,San Bernardino,Vancomycin-Resistant Enterococcus Bloodstream Infection (VRE BSI),240000040,"Kindred Hospital, Ontario",Long-Term Acute Care,1,26371,0.38,0.01,2.11,Same,12,0,
2021,California,San Bernardino,Vancomycin-Resistant Enterococcus Bloodstream Infection (VRE BSI),240001515,"Kindred Hospital, Rancho",Long-Term Acute Care,1,18409,0.54,0.01,3.03,Same,12,2.7,
2021,California,San Bernardino,Vancomycin-Resistant Enterococcus Bloodstream Infection (VRE BSI),630015551,Loma Linda University Children's Hospital,Major Teaching,0,90914,0,0,0.33,Same,12,0.11,
2021,California,San Bernardino,Vancomycin-Resistant Enterococcus Bloodstream Infection (VRE BSI),240000027,Loma Linda University Medical Center,Major Teaching,15,109546,1.37,0.77,2.26,Worse,12,1.25,
2021,California,San Bernardino,Vancomycin-Resistant Enterococcus Bloodstream Infection (VRE BSI),240000025,Loma Linda University Medical Center East Campus Hospital,Major Teaching,1,19933,0.5,0.01,2.8,Same,12,1.06,
2021,California,San Bernardino,Vancomycin-Resistant Enterococcus Bloodstream Infection (VRE BSI),240000025,"Loma Linda University Medical Center East Campus Hospital, Rehabilitation Unit",Rehabilitation Unit,0,14572,0,0,2.06,Same,12,0,
2021,California,San Bernardino,Vancomycin-Resistant Enterococcus Bloodstream Infection (VRE BSI),630012294,Loma Linda University Surgical Hospital,Major Teaching,0,4397,0,0,6.81,Same,12,0,
2021,California,San Bernardino,Vancomycin-Resistant Enterococcus Bloodstream Infection (VRE BSI),240000009,Montclair Hospital Medical Center,"Community, <125 Beds",0,10205,0,0,2.94,Same,12,0,
2021,California,San Bernardino,Vancomycin-Resistant Enterococcus Bloodstream Infection (VRE BSI),240000052,Mountains Community Hospital,Critical Access,0,1077,0,0,27.82,Same,12,0,
2021,California,San Bernardino,Vancomycin-Resistant Enterococcus Bloodstream Infection (VRE BSI),240000104,"Providence St. Mary Medical Center, Apple Valley",Major Teaching,0,63702,0,0,0.47,Same,12,0.31,
2021,California,San Bernardino,Vancomycin-Resistant Enterococcus Bloodstream Infection (VRE BSI),240000046,Redlands Community Hospital,"Community, 125-250 Beds",5,44746,1.12,0.36,2.61,Worse,12,0.43,
2021,California,San Bernardino,Vancomycin-Resistant Enterococcus Bloodstream Infection (VRE BSI),240000053,San Antonio Regional Hospital,"Community, >250 Beds",7,76390,0.92,0.37,1.89,Same,12,0.52,
2021,California,San Bernardino,Vancomycin-Resistant Enterococcus Bloodstream Infection (VRE BSI),240000103,St. Bernardine Medical Center,Major Teaching,7,74929,0.93,0.38,1.92,Same,12,1.14,
2021,California,San Bernardino,Vancomycin-Resistant Enterococcus Bloodstream Infection (VRE BSI),630012380,Totally Kids Rehabilitation Hospital,Free-Standing Rehabilitation,0,2919,0,0,10.26,Same,12,,
2021,California,San Bernardino,Vancomycin-Resistant Enterococcus Bloodstream Infection (VRE BSI),240000054,Victor Valley Global Medical Center,"Community, <125 Beds",0,22310,0,0,1.34,Same,12,0,
2021,California,San Diego,Vancomycin-Resistant Enterococcus Bloodstream Infection (VRE BSI),90000013,Alvarado Hospital Medical Center,"Community, 125-250 Beds",0,22995,0,0,1.3,Same,12,0.37,
2021,California,San Diego,Vancomycin-Resistant Enterococcus Bloodstream Infection (VRE BSI),80000045,Grossmont Hospital,Major Teaching,3,128313,0.23,0.05,0.68,Same,12,0.19,
2021,California,San Diego,Vancomycin-Resistant Enterococcus Bloodstream Infection (VRE BSI),80000045,"Grossmont Hospital, Rehabilitation Unit",Rehabilitation Unit,0,4488,0,0,6.67,Same,12,0,
2021,California,San Diego,Vancomycin-Resistant Enterococcus Bloodstream Infection (VRE BSI),630017096,"Kaiser Foundation Hospital, San Diego",Major Teaching,1,71736,0.14,0,0.78,Same,12,,
2021,California,San Diego,Vancomycin-Resistant Enterococcus Bloodstream Infection (VRE BSI),80000144,"Kaiser Foundation Hospital, Zion",Major Teaching,0,44387,0,0,0.67,Same,12,0,
2021,California,San Diego,Vancomycin-Resistant Enterococcus Bloodstream Infection (VRE BSI),90000048,"Kindred Hospital, San Diego",Long-Term Acute Care,2,18269,1.09,0.13,3.95,Same,12,2.93,
2021,California,San Diego,Vancomycin-Resistant Enterococcus Bloodstream Infection (VRE BSI),630013873,Palomar Medical Center,"Community, >250 Beds",0,93025,0,0,0.32,Better,12,0,
2021,California,San Diego,Vancomycin-Resistant Enterococcus Bloodstream Infection (VRE BSI),80000147,Palomar Medical Center Poway,"Community, <125 Beds",2,20309,0.98,0.12,3.56,Same,12,0,
2021,California,San Diego,Vancomycin-Resistant Enterococcus Bloodstream Infection (VRE BSI),80000147,"Palomar Medical Center Poway, Rehabilitation Unit",Rehabilitation Unit,0,1352,0,0,22.16,Same,4,,
2021,California,San Diego,Vancomycin-Resistant Enterococcus Bloodstream Infection (VRE BSI),90000145,Paradise Valley Hospital,"Community, >250 Beds",0,24655,0,0,1.22,Same,12,0,
2021,California,San Diego,Vancomycin-Resistant Enterococcus Bloodstream Infection (VRE BSI),90000145,"Paradise Valley Hospital, Rehabilitation Unit",Rehabilitation Unit,0,5715,0,0,5.24,Same,12,0,
2021,California,San Diego,Vancomycin-Resistant Enterococcus Bloodstream Infection (VRE BSI),80000023,"Rady Children's Hospital, San Diego",Pediatric,0,75588,0,0,0.4,Same,12,0.11,
2021,California,San Diego,Vancomycin-Resistant Enterococcus Bloodstream Infection (VRE BSI),80000022,Scripps Green Hospital,"Community, 125-250 Beds",3,33490,0.9,0.18,2.62,Same,11,0.26,
2021,California,San Diego,Vancomycin-Resistant Enterococcus Bloodstream Infection (VRE BSI),80000150,"Scripps Memorial Hospital, Encinitas","Community, 125-250 Beds",0,55350,0,0,0.54,Same,11,0.22,
2021,California,San Diego,Vancomycin-Resistant Enterococcus Bloodstream Infection (VRE BSI),80000149,"Scripps Memorial Hospital, La Jolla","Community, >250 Beds",3,102366,0.29,0.06,0.86,Same,11,0.12,
2021,California,San Diego,Vancomycin-Resistant Enterococcus Bloodstream Infection (VRE BSI),90000025,Scripps Mercy Hospital,Major Teaching,2,94213,0.21,0.03,0.77,Same,11,0.45,
2021,California,San Diego,Vancomycin-Resistant Enterococcus Bloodstream Infection (VRE BSI),90000016,Scripps Mercy Hospital Chula Vista,"Community, 125-250 Beds",0,40995,0,0,0.73,Same,11,0,
2021,California,San Diego,Vancomycin-Resistant Enterococcus Bloodstream Infection (VRE BSI),90000977,Select Specialty Hospital - San Diego,Long-Term Acute Care,0,26162,0,0,1.15,Same,12,0.8,
2021,California,San Diego,Vancomycin-Resistant Enterococcus Bloodstream Infection (VRE BSI),90000021,Sharp Chula Vista Medical Center,"Community, >250 Beds",1,89803,0.11,0,0.62,Same,12,0,
2021,California,San Diego,Vancomycin-Resistant Enterococcus Bloodstream Infection (VRE BSI),90000033,Sharp Coronado Hospital and Healthcare Center,Major Teaching,0,12530,0,0,2.39,Same,12,0,
2021,California,San Diego,Vancomycin-Resistant Enterococcus Bloodstream Infection (VRE BSI),80001470,Sharp Mary Birch Hospital For Women And Newborns,Major Teaching,0,55402,0,0,0.54,Same,12,0,
2021,California,San Diego,Vancomycin-Resistant Enterococcus Bloodstream Infection (VRE BSI),80000036,Sharp Memorial Hospital,Major Teaching,0,106114,0,0,0.28,Better,12,0.32,
2021,California,San Diego,Vancomycin-Resistant Enterococcus Bloodstream Infection (VRE BSI),80000036,"Sharp Memorial Hospital, Rehabilitation Unit",Rehabilitation Unit,0,7511,0,0,3.99,Same,12,,
2021,California,San Diego,Vancomycin-Resistant Enterococcus Bloodstream Infection (VRE BSI),80000152,Tri-City Medical Center,"Community, >250 Beds",1,62066,0.16,0,0.9,Same,12,0,
2021,California,San Diego,Vancomycin-Resistant Enterococcus Bloodstream Infection (VRE BSI),80000152,"Tri-City Medical Center, Rehabilitation Unit",Rehabilitation Unit,0,2608,0,0,11.49,Same,12,0,
2021,California,San Diego,Vancomycin-Resistant Enterococcus Bloodstream Infection (VRE BSI),90000154,UC San Diego Health Hillcrest,Major Teaching,6,84412,0.71,0.26,1.55,Same,12,,
2021,California,San Diego,Vancomycin-Resistant Enterococcus Bloodstream Infection (VRE BSI),90001116,UC San Diego Health La Jolla,Major Teaching,7,133026,0.53,0.21,1.08,Same,12,0.72,
2021,California,San Francisco,Vancomycin-Resistant Enterococcus Bloodstream Infection (VRE BSI),220000023,"California Pacific Medical Center, Davies Campus Hospital",Major Teaching,0,14449,0,0,2.07,Same,12,0,
2021,California,San Francisco,Vancomycin-Resistant Enterococcus Bloodstream Infection (VRE BSI),220000023,"California Pacific Medical Center, Davies Campus Hospital, Rehabilitation Unit",Rehabilitation Unit,0,8856,0,0,3.38,Same,12,,
2021,California,San Francisco,Vancomycin-Resistant Enterococcus Bloodstream Infection (VRE BSI),220000018,"California Pacific Medical Center, Mission Bernal Campus",Major Teaching,2,22005,0.91,0.11,3.28,Same,12,1.05,
2021,California,San Francisco,Vancomycin-Resistant Enterococcus Bloodstream Infection (VRE BSI),220000022,"California Pacific Medical Center, Van Ness Campus",Major Teaching,5,90009,0.56,0.18,1.3,Same,12,1.01,
2021,California,San Francisco,Vancomycin-Resistant Enterococcus Bloodstream Infection (VRE BSI),220000003,Chinese Hospital,"Community, <125 Beds",0,6309,0,0,4.75,Same,12,0,
2021,California,San Francisco,Vancomycin-Resistant Enterococcus Bloodstream Infection (VRE BSI),220000008,"Kaiser Foundation Hospital, San Francisco",Major Teaching,2,68310,0.29,0.04,1.06,Same,12,0,
2021,California,San Francisco,Vancomycin-Resistant Enterococcus Bloodstream Infection (VRE BSI),630016625,Kentfield Hospital San Francisco,Long-Term Acute Care,1,9910,1.01,0.03,5.62,Same,9,,"Incomplete Reporter, interpret with caution"
2021,California,San Francisco,Vancomycin-Resistant Enterococcus Bloodstream Infection (VRE BSI),220000012,Laguna Honda Hospital & Rehabilitation Center,"Community, <125 Beds",0,1129,0,0,26.53,Same,12,0,
2021,California,San Francisco,Vancomycin-Resistant Enterococcus Bloodstream Infection (VRE BSI),220000012,"Laguna Honda Hospital & Rehabilitation Center, Rehabilitation Unit",Rehabilitation Unit,0,464,0,0,64.56,Same,12,0,
2021,California,San Francisco,Vancomycin-Resistant Enterococcus Bloodstream Infection (VRE BSI),220000029,Saint Francis Memorial Hospital,"Community, 125-250 Beds",0,16740,0,0,1.79,Same,12,0.9,
2021,California,San Francisco,Vancomycin-Resistant Enterococcus Bloodstream Infection (VRE BSI),220000029,"Saint Francis Memorial Hospital, Rehabilitation Unit",Rehabilitation Unit,0,4176,0,0,7.17,Same,12,,
2021,California,San Francisco,Vancomycin-Resistant Enterococcus Bloodstream Infection (VRE BSI),220000030,St. Mary's Medical Center,"Community, 125-250 Beds",0,17543,0,0,1.71,Same,12,0.41,
2021,California,San Francisco,Vancomycin-Resistant Enterococcus Bloodstream Infection (VRE BSI),220000030,"St. Mary's Medical Center, Rehabilitation Unit",Rehabilitation Unit,0,3063,0,0,9.78,Same,12,0,
2021,California,San Francisco,Vancomycin-Resistant Enterococcus Bloodstream Infection (VRE BSI),220000031,UCSF Medical Center,Major Teaching,20,157055,1.27,0.78,1.97,Worse,12,0.76,
2021,California,San Francisco,Vancomycin-Resistant Enterococcus Bloodstream Infection (VRE BSI),630015778,UCSF Medical Center at Mission Bay,Major Teaching,0,88281,0,0,0.34,Same,12,,
2021,California,San Francisco,Vancomycin-Resistant Enterococcus Bloodstream Infection (VRE BSI),220000015,UCSF Medical Center at Mount Zion,Major Teaching,1,9506,1.05,0.03,5.86,Same,12,,
2021,California,San Francisco,Vancomycin-Resistant Enterococcus Bloodstream Infection (VRE BSI),220000019,Zuckerberg San Francisco General Hospital and Trauma Center,Major Teaching,0,89545,0,0,0.33,Same,12,0.12,
2021,California,San Joaquin,Vancomycin-Resistant Enterococcus Bloodstream Infection (VRE BSI),30000139,Adventist Health Lodi Memorial,"Community, 125-250 Beds",1,30571,0.33,0.01,1.82,Same,12,0,
2021,California,San Joaquin,Vancomycin-Resistant Enterococcus Bloodstream Infection (VRE BSI),30000139,"Adventist Health Lodi Memorial, Rehabilitation Unit",Rehabilitation Unit,0,2065,0,0,14.51,Same,12,0,
2021,California,San Joaquin,Vancomycin-Resistant Enterococcus Bloodstream Infection (VRE BSI),30000117,Dameron Hospital Association,"Community, >250 Beds",0,14253,0,0,2.1,Same,12,0,
2021,California,San Joaquin,Vancomycin-Resistant Enterococcus Bloodstream Infection (VRE BSI),30000118,Doctors Hospital of Manteca,"Community, <125 Beds",1,16210,0.62,0.02,3.44,Same,12,0,
2021,California,San Joaquin,Vancomycin-Resistant Enterococcus Bloodstream Infection (VRE BSI),30000973,"Kaiser Foundation Hospital, Manteca","Community, <125 Beds",0,10174,0,0,2.94,Same,12,,
2021,California,San Joaquin,Vancomycin-Resistant Enterococcus Bloodstream Infection (VRE BSI),30000135,San Joaquin General Hospital,Major Teaching,3,60208,0.5,0.1,1.46,Same,12,0,
2021,California,San Joaquin,Vancomycin-Resistant Enterococcus Bloodstream Infection (VRE BSI),30000143,St. Joseph's Medical Center Of Stockton,"Community, >250 Beds",7,100682,0.7,0.28,1.43,Same,12,0.36,
2021,California,San Joaquin,Vancomycin-Resistant Enterococcus Bloodstream Infection (VRE BSI),30000141,Sutter Tracy Community Hospital,"Community, <125 Beds",0,14367,0,0,2.09,Same,12,0.83,
2021,California,San Luis Obispo,Vancomycin-Resistant Enterococcus Bloodstream Infection (VRE BSI),50000016,French Hospital Medical Center,"Community, <125 Beds",0,20787,0,0,1.44,Same,12,0,
2021,California,San Luis Obispo,Vancomycin-Resistant Enterococcus Bloodstream Infection (VRE BSI),50000009,"Marian Regional Medical Center, Arroyo Grande","Community, <125 Beds",0,7230,0,0,4.14,Same,12,0,
2021,California,San Luis Obispo,Vancomycin-Resistant Enterococcus Bloodstream Infection (VRE BSI),50000009,"Marian Regional Medical Center, Arroyo Grande, Rehabilitation Unit",Rehabilitation Unit,0,6681,0,0,4.48,Same,12,0,
2021,California,San Luis Obispo,Vancomycin-Resistant Enterococcus Bloodstream Infection (VRE BSI),50000031,Tenet Health Central Coast Sierra Vista Regional Medical Center,"Community, 125-250 Beds",0,23968,0,0,1.25,Same,12,0,
2021,California,San Luis Obispo,Vancomycin-Resistant Enterococcus Bloodstream Infection (VRE BSI),50000037,Tenet Health Central Coast Twin Cities Community Hospital,"Community, <125 Beds",0,16762,0,0,1.79,Same,12,0,
2021,California,San Mateo,Vancomycin-Resistant Enterococcus Bloodstream Infection (VRE BSI),220000026,AHMC Seton Medical Center,"Community, 125-250 Beds",0,19123,0,0,1.57,Same,12,0,
2021,California,San Mateo,Vancomycin-Resistant Enterococcus Bloodstream Infection (VRE BSI),220000010,"Kaiser Foundation Hospital, Redwood City",Major Teaching,0,32513,0,0,0.92,Same,12,0.3,
2021,California,San Mateo,Vancomycin-Resistant Enterococcus Bloodstream Infection (VRE BSI),220000009,"Kaiser Foundation Hospital, South San Francisco","Community, <125 Beds",0,25765,0,0,1.16,Same,12,0.43,
2021,California,San Mateo,Vancomycin-Resistant Enterococcus Bloodstream Infection (VRE BSI),220000017,Mills-Peninsula Medical Center,"Community, 125-250 Beds",1,50987,0.2,0,1.09,Same,12,0,
2021,California,San Mateo,Vancomycin-Resistant Enterococcus Bloodstream Infection (VRE BSI),220000007,San Mateo Medical Center,Major Teaching,0,10884,0,0,2.75,Same,12,0,
2021,California,San Mateo,Vancomycin-Resistant Enterococcus Bloodstream Infection (VRE BSI),220000025,Sequoia Hospital,"Community, 125-250 Beds",0,21169,0,0,1.42,Same,12,0,
2021,California,Santa Barbara,Vancomycin-Resistant Enterococcus Bloodstream Infection (VRE BSI),50000017,Goleta Valley Cottage Hospital,"Community, <125 Beds",0,3274,0,0,9.15,Same,12,0,
2021,California,Santa Barbara,Vancomycin-Resistant Enterococcus Bloodstream Infection (VRE BSI),50000018,Lompoc Valley Medical Center,Major Teaching,0,9888,0,0,3.03,Same,12,0,
2021,California,Santa Barbara,Vancomycin-Resistant Enterococcus Bloodstream Infection (VRE BSI),50000021,Marian Regional Medical Center,"Community, 125-250 Beds",1,60211,0.17,0,0.93,Same,12,0,
2021,California,Santa Barbara,Vancomycin-Resistant Enterococcus Bloodstream Infection (VRE BSI),50000280,Santa Barbara Cottage Hospital,Major Teaching,1,91428,0.11,0,0.61,Same,12,0,
2021,California,Santa Barbara,Vancomycin-Resistant Enterococcus Bloodstream Infection (VRE BSI),50000280,"Santa Barbara Cottage Hospital, Rehabilitation Unit",Rehabilitation Unit,0,8732,0,0,3.43,Same,12,0,
2021,California,Santa Barbara,Vancomycin-Resistant Enterococcus Bloodstream Infection (VRE BSI),50000030,Santa Ynez Valley Cottage Hospital,Critical Access,0,396,0,0,75.65,Same,12,0,
2021,California,Santa Clara,Vancomycin-Resistant Enterococcus Bloodstream Infection (VRE BSI),70001351,El Camino Health,"Community, >250 Beds",1,93295,0.11,0,0.6,Same,12,0,
2021,California,Santa Clara,Vancomycin-Resistant Enterococcus Bloodstream Infection (VRE BSI),70000136,El Camino Health Los Gatos,"Community, 125-250 Beds",0,15825,0,0,1.89,Same,12,0,
2021,California,Santa Clara,Vancomycin-Resistant Enterococcus Bloodstream Infection (VRE BSI),70000136,"El Camino Health Los Gatos, Rehabilitation Unit",Rehabilitation Unit,0,4755,0,0,6.3,Same,12,0,
2021,California,Santa Clara,Vancomycin-Resistant Enterococcus Bloodstream Infection (VRE BSI),70000153,"Good Samaritan Hospital, San Jose","Community, >250 Beds",0,67171,0,0,0.45,Same,12,0.12,
2021,California,Santa Clara,Vancomycin-Resistant Enterococcus Bloodstream Infection (VRE BSI),70000150,"Kaiser Foundation Hospital, San Jose","Community, 125-250 Beds",0,50470,0,0,0.59,Same,12,0.2,
2021,California,Santa Clara,Vancomycin-Resistant Enterococcus Bloodstream Infection (VRE BSI),70001355,"Kaiser Foundation Hospital, Santa Clara","Community, >250 Beds",0,100779,0,0,0.3,Better,12,0.55,
2021,California,Santa Clara,Vancomycin-Resistant Enterococcus Bloodstream Infection (VRE BSI),70001349,Lucile Packard Children's Hospital Stanford,Pediatric,0,103311,0,0,0.29,Same,12,0.31,
2021,California,Santa Clara,Vancomycin-Resistant Enterococcus Bloodstream Infection (VRE BSI),70000154,Mission Oaks Hospital,"Community, <125 Beds",0,0,,,,,12,,"Incomplete Reporter, interpret with caution"
2021,California,Santa Clara,Vancomycin-Resistant Enterococcus Bloodstream Infection (VRE BSI),70000154,"Mission Oaks Hospital, Rehabilitation Unit",Rehabilitation Unit,0,5011,0,0,5.98,Same,12,,
2021,California,Santa Clara,Vancomycin-Resistant Enterococcus Bloodstream Infection (VRE BSI),70000146,O'Connor Hospital,Major Teaching,4,50439,0.79,0.22,2.03,Same,12,0,
2021,California,Santa Clara,Vancomycin-Resistant Enterococcus Bloodstream Infection (VRE BSI),70000133,Regional Medical Center of San Jose,"Community, >250 Beds",0,60247,0,0,0.5,Same,12,0.7,
2021,California,Santa Clara,Vancomycin-Resistant Enterococcus Bloodstream Infection (VRE BSI),70000149,Santa Clara Valley Medical Center,Major Teaching,1,106337,0.09,0,0.52,Same,12,0.35,
2021,California,Santa Clara,Vancomycin-Resistant Enterococcus Bloodstream Infection (VRE BSI),70000149,Santa Clara Valley Medical Center,Rehabilitation Unit,,,,,,,,,
2021,California,Santa Clara,Vancomycin-Resistant Enterococcus Bloodstream Infection (VRE BSI),70000635,St. Louise Regional Hospital,"Community, <125 Beds",1,14438,0.69,0.02,3.86,Same,12,0.5,
2021,California,Santa Clara,Vancomycin-Resistant Enterococcus Bloodstream Infection (VRE BSI),70001357,Stanford Health Care,Major Teaching,35,193693,1.81,1.26,2.51,Worse,12,1.79,
2021,California,Santa Cruz,Vancomycin-Resistant Enterococcus Bloodstream Infection (VRE BSI),70000139,Dominican Hospital,"Community, 125-250 Beds",1,44449,0.22,0.01,1.25,Same,12,0.66,
2021,California,Santa Cruz,Vancomycin-Resistant Enterococcus Bloodstream Infection (VRE BSI),70000139,"Dominican Hospital, Rehabilitation Unit",Rehabilitation Unit,0,6255,0,0,4.79,Same,12,0,
2021,California,Santa Cruz,Vancomycin-Resistant Enterococcus Bloodstream Infection (VRE BSI),70000959,Sutter Maternity & Surgery Center of Santa Cruz,"Community, <125 Beds",0,4965,0,0,6.03,Same,12,0,
2021,California,Santa Cruz,Vancomycin-Resistant Enterococcus Bloodstream Infection (VRE BSI),70000155,Watsonville Community Hospital,"Community, <125 Beds",0,14446,0,0,2.07,Same,12,0,
2021,California,Shasta,Vancomycin-Resistant Enterococcus Bloodstream Infection (VRE BSI),230000009,Mayers Memorial Hospital,Critical Access,0,2196,0,0,13.64,Same,12,0,
2021,California,Shasta,Vancomycin-Resistant Enterococcus Bloodstream Infection (VRE BSI),230000010,Mercy Medical Center Redding,"Community, >250 Beds",2,67501,0.3,0.04,1.07,Same,12,0,
2021,California,Shasta,Vancomycin-Resistant Enterococcus Bloodstream Infection (VRE BSI),230000444,Patients' Hospital of Redding,"Community, <125 Beds",0,355,0,0,84.39,Same,12,0,
2021,California,Shasta,Vancomycin-Resistant Enterococcus Bloodstream Infection (VRE BSI),230000016,Shasta Regional Medical Center,"Community, 125-250 Beds",1,27762,0.36,0.01,2.01,Same,12,0.3,
2021,California,Shasta,Vancomycin-Resistant Enterococcus Bloodstream Infection (VRE BSI),230000422,Vibra Hospital of Northern California,Long-Term Acute Care,0,12432,0,0,2.41,Same,12,0.59,
2021,California,Siskiyou,Vancomycin-Resistant Enterococcus Bloodstream Infection (VRE BSI),230000019,Fairchild Medical Center,Critical Access,0,4926,0,0,6.08,Same,12,0,
2021,California,Siskiyou,Vancomycin-Resistant Enterococcus Bloodstream Infection (VRE BSI),230000012,Mercy Medical Center Mt. Shasta,Critical Access,0,3229,0,0,9.28,Same,12,0,
2021,California,Solano,Vancomycin-Resistant Enterococcus Bloodstream Infection (VRE BSI),110000011,"Kaiser Foundation Hospital and Rehab Center, Vallejo",Major Teaching,1,42175,0.24,0.01,1.32,Same,12,0,
2021,California,Solano,Vancomycin-Resistant Enterococcus Bloodstream Infection (VRE BSI),110000011,"Kaiser Foundation Hospital and Rehab Center, Vallejo, Rehabilitation Unit",Rehabilitation Unit,0,14460,0,0,2.07,Same,12,0,
2021,California,Solano,Vancomycin-Resistant Enterococcus Bloodstream Infection (VRE BSI),630012364,"Kaiser Foundation Hospital, Vacaville",Major Teaching,0,37226,0,0,0.8,Same,12,0.35,
2021,California,Solano,Vancomycin-Resistant Enterococcus Bloodstream Infection (VRE BSI),110000010,Northbay Medical Center,"Community, 125-250 Beds",4,45265,0.88,0.24,2.26,Same,12,1.77,
2021,California,Solano,Vancomycin-Resistant Enterococcus Bloodstream Infection (VRE BSI),110000378,Northbay Vacavalley Hospital,"Community, <125 Beds",0,12899,0,0,2.32,Same,12,0,
2021,California,Solano,Vancomycin-Resistant Enterococcus Bloodstream Infection (VRE BSI),110000068,Sutter Solano Medical Center,"Community, <125 Beds",0,20186,0,0,1.48,Same,12,0,
2021,California,Sonoma,Vancomycin-Resistant Enterococcus Bloodstream Infection (VRE BSI),110000009,Healdsburg Hospital,Critical Access,0,2518,0,0,11.9,Same,12,0,
2021,California,Sonoma,Vancomycin-Resistant Enterococcus Bloodstream Infection (VRE BSI),110000508,"Kaiser Foundation Hospital, Santa Rosa",Major Teaching,0,45958,0,0,0.65,Same,12,0.26,
2021,California,Sonoma,Vancomycin-Resistant Enterococcus Bloodstream Infection (VRE BSI),110000040,Petaluma Valley Hospital,"Community, <125 Beds",0,10239,0,0,2.93,Same,12,0,
2021,California,Sonoma,Vancomycin-Resistant Enterococcus Bloodstream Infection (VRE BSI),140001268,Providence Santa Rosa Memorial Hospital,"Community, >250 Beds",4,72058,0.56,0.15,1.42,Same,12,0.74,
2021,California,Sonoma,Vancomycin-Resistant Enterococcus Bloodstream Infection (VRE BSI),140001268,"Providence Santa Rosa Memorial Hospital, Rehabilitation Unit",Rehabilitation Unit,0,3261,0,0,9.19,Same,12,,
2021,California,Sonoma,Vancomycin-Resistant Enterococcus Bloodstream Infection (VRE BSI),110000038,Sonoma Specialty Hospital,"Community, <125 Beds",2,10326,1.94,0.23,7,Same,12,,
2021,California,Sonoma,Vancomycin-Resistant Enterococcus Bloodstream Infection (VRE BSI),110000056,Sonoma Valley Hospital,"Community, <125 Beds",0,3138,0,0,9.55,Same,12,0,
2021,California,Sonoma,Vancomycin-Resistant Enterococcus Bloodstream Infection (VRE BSI),110000007,Sutter Santa Rosa Regional Hospital,"Community, <125 Beds",0,31631,0,0,0.95,Same,12,0,
2021,California,Stanislaus,Vancomycin-Resistant Enterococcus Bloodstream Infection (VRE BSI),30000129,Central Valley Specialty Hospital,Long-Term Acute Care,7,26193,2.67,1.07,5.51,Worse,12,0,
2021,California,Stanislaus,Vancomycin-Resistant Enterococcus Bloodstream Infection (VRE BSI),30000122,Doctors Medical Center,Major Teaching,9,119654,0.75,0.34,1.43,Same,12,0.3,
2021,California,Stanislaus,Vancomycin-Resistant Enterococcus Bloodstream Infection (VRE BSI),30000125,Emanuel Medical Center,"Community, 125-250 Beds",0,39978,0,0,0.75,Same,12,0,
2021,California,Stanislaus,Vancomycin-Resistant Enterococcus Bloodstream Infection (VRE BSI),630016419,Encompass Health Rehabilitation Hospital of Modesto,Free-Standing Rehabilitation,0,12611,0,0,2.38,Same,12,,
2021,California,Stanislaus,Vancomycin-Resistant Enterococcus Bloodstream Infection (VRE BSI),630011683,"Kaiser Foundation Hospital, Modesto","Community, 125-250 Beds",0,50080,0,0,0.6,Same,12,0,
2021,California,Stanislaus,Vancomycin-Resistant Enterococcus Bloodstream Infection (VRE BSI),30000123,Memorial Medical Center,"Community, >250 Beds",10,105510,0.95,0.45,1.74,Same,12,0.25,
2021,California,Stanislaus,Vancomycin-Resistant Enterococcus Bloodstream Infection (VRE BSI),30000131,Oak Valley Hospital District,"Community, <125 Beds",0,2787,0,0,10.75,Same,12,0,
2021,California,Stanislaus,Vancomycin-Resistant Enterococcus Bloodstream Infection (VRE BSI),30001661,Stanislaus Surgical Hospital,"Community, <125 Beds",0,504,0,0,59.44,Same,12,0,
2021,California,Sutter,Vancomycin-Resistant Enterococcus Bloodstream Infection (VRE BSI),630011844,"Sutter Surgical Hospital, North Valley","Community, <125 Beds",0,1153,0,0,25.98,Same,12,0,
2021,California,Tehama,Vancomycin-Resistant Enterococcus Bloodstream Infection (VRE BSI),230000020,St. Elizabeth Community Hospital,Major Teaching,0,13499,0,0,2.22,Same,12,0,
2021,California,Trinity,Vancomycin-Resistant Enterococcus Bloodstream Infection (VRE BSI),230000022,Trinity Hospital,Critical Access,0,2796,0,0,10.71,Same,12,0,
2021,California,Tulare,Vancomycin-Resistant Enterococcus Bloodstream Infection (VRE BSI),120001467,Adventist Health Tulare,"Community, <125 Beds",0,8879,0,0,3.37,Same,12,,
2021,California,Tulare,Vancomycin-Resistant Enterococcus Bloodstream Infection (VRE BSI),120001444,Kaweah Health Medical Center,Major Teaching,2,125145,0.16,0.02,0.58,Same,12,0.38,
2021,California,Tulare,Vancomycin-Resistant Enterococcus Bloodstream Infection (VRE BSI),120001444,"Kaweah Health Medical Center, Rehabilitation Unit",Rehabilitation Unit,0,6329,0,0,4.73,Same,12,0.38,
2021,California,Tulare,Vancomycin-Resistant Enterococcus Bloodstream Infection (VRE BSI),170001874,Porterville Developmental Center,"Community, <125 Beds",0,5,0,0,5991.46,Same,12,0,
2021,California,Tulare,Vancomycin-Resistant Enterococcus Bloodstream Infection (VRE BSI),120001464,Sierra View Medical Center,"Community, 125-250 Beds",1,24170,0.41,0.01,2.31,Same,12,0,
2021,California,Tuolumne,Vancomycin-Resistant Enterococcus Bloodstream Infection (VRE BSI),30001799,Adventist Health Sonora,"Community, <125 Beds",0,16916,0,0,1.77,Same,12,0.45,
2021,California,Ventura,Vancomycin-Resistant Enterococcus Bloodstream Infection (VRE BSI),50000455,Adventist Health Simi Valley,"Community, 125-250 Beds",2,38036,0.53,0.06,1.9,Same,12,0.69,
2021,California,Ventura,Vancomycin-Resistant Enterococcus Bloodstream Infection (VRE BSI),50000014,"Community Memorial Hospital, San Buenaventura",Major Teaching,0,55479,0,0,0.54,Same,12,0.19,
2021,California,Ventura,Vancomycin-Resistant Enterococcus Bloodstream Infection (VRE BSI),50000020,Los Robles Hospital & Medical Center,"Community, >250 Beds",3,73222,0.41,0.08,1.2,Same,12,0.84,
2021,California,Ventura,Vancomycin-Resistant Enterococcus Bloodstream Infection (VRE BSI),50000553,"Los Robles Hospital & Medical Center, East Campus",Free-Standing Rehabilitation,0,12032,0,0,2.49,Same,12,,
2021,California,Ventura,Vancomycin-Resistant Enterococcus Bloodstream Infection (VRE BSI),50000023,Ojai Valley Community Hospital,Critical Access,0,507,0,0,59.09,Same,12,0,
2021,California,Ventura,Vancomycin-Resistant Enterococcus Bloodstream Infection (VRE BSI),50000026,St Johns Pleasant Valley Hospital,"Community, <125 Beds",1,15663,0.64,0.02,3.56,Same,12,0,
2021,California,Ventura,Vancomycin-Resistant Enterococcus Bloodstream Infection (VRE BSI),50000035,St Johns Regional Medical Center,"Community, >250 Beds",0,46384,0,0,0.65,Same,12,0,
2021,California,Ventura,Vancomycin-Resistant Enterococcus Bloodstream Infection (VRE BSI),50000035,"St Johns Regional Medical Center, Rehabilitation Unit",Rehabilitation Unit,0,6598,0,0,4.54,Same,12,0,
2021,California,Ventura,Vancomycin-Resistant Enterococcus Bloodstream Infection (VRE BSI),50001468,Thousand Oaks Surgical Hospital,"Community, <125 Beds",0,1177,0,0,25.45,Same,12,0,
2021,California,Ventura,Vancomycin-Resistant Enterococcus Bloodstream Infection (VRE BSI),50000039,Ventura County Medical Center,Major Teaching,1,21166,0.47,0.01,2.63,Same,12,0,
2021,California,Ventura,Vancomycin-Resistant Enterococcus Bloodstream Infection (VRE BSI),630010957,"Ventura County Medical Center, Santa Paula Hospital",Major Teaching,0,4920,0,0,6.09,Same,12,0,
2021,California,Yolo,Vancomycin-Resistant Enterococcus Bloodstream Infection (VRE BSI),30000149,Sutter Davis Hospital,"Community, <125 Beds",0,14739,0,0,2.03,Same,12,0,
2021,California,Yolo,Vancomycin-Resistant Enterococcus Bloodstream Infection (VRE BSI),30000146,Woodland Memorial Hospital,"Community, <125 Beds",0,14684,0,0,2.04,Same,12,0,
2021,California,Yuba,Vancomycin-Resistant Enterococcus Bloodstream Infection (VRE BSI),230000261,Adventist Health and Rideout,"Community, 125-250 Beds",2,70236,0.28,0.03,1.03,Same,12,0.19,